subgroup_column,subgroup,n_test,recall,positive_rate,base_rate,dataset,condition,rate,seed,rule_set
marital,single,3226,0.6386554621848739,0.15034097954122752,0.14755114693118412,bank_marketing_full,clean,0.05,20260803,naive
marital,married,6769,0.5829787234042553,0.10415127788447333,0.10415127788447333,bank_marketing_full,clean,0.05,20260803,naive
marital,divorced,1308,0.574468085106383,0.10091743119266056,0.10779816513761468,bank_marketing_full,clean,0.05,20260803,naive
age_band,30-44,5936,0.5894736842105263,0.09669811320754718,0.09602425876010781,bank_marketing_full,clean,0.05,20260803,naive
age_band,45-59,3395,0.5487465181058496,0.09455081001472754,0.10574374079528719,bank_marketing_full,clean,0.05,20260803,naive
age_band,<30,1699,0.6353790613718412,0.1618599175985874,0.16303708063566805,bank_marketing_full,clean,0.05,20260803,naive
age_band,60+,273,0.75,0.5567765567765568,0.4249084249084249,bank_marketing_full,clean,0.05,20260803,naive
marital,single,3226,0.6680672268907563,0.15654060756354618,0.14755114693118412,bank_marketing_full,corrupted,0.05,20260803,naive
marital,married,6769,0.5617021276595745,0.10045797015807358,0.10415127788447333,bank_marketing_full,corrupted,0.05,20260803,naive
marital,divorced,1308,0.6170212765957447,0.10474006116207951,0.10779816513761468,bank_marketing_full,corrupted,0.05,20260803,naive
age_band,30-44,5936,0.5964912280701754,0.09720350404312668,0.09602425876010781,bank_marketing_full,corrupted,0.05,20260803,naive
age_band,45-59,3395,0.5571030640668524,0.09425625920471281,0.10574374079528719,bank_marketing_full,corrupted,0.05,20260803,naive
age_band,<30,1699,0.631768953068592,0.16068275456150677,0.16303708063566805,bank_marketing_full,corrupted,0.05,20260803,naive
age_band,60+,273,0.7413793103448276,0.5567765567765568,0.4249084249084249,bank_marketing_full,corrupted,0.05,20260803,naive
marital,single,3226,0.46638655462184875,0.1351518908865468,0.14755114693118412,bank_marketing_full,quarantine,0.05,20260803,naive
marital,married,6769,0.4326241134751773,0.11168562564632885,0.10415127788447333,bank_marketing_full,quarantine,0.05,20260803,naive
marital,divorced,1308,0.5177304964539007,0.09938837920489296,0.10779816513761468,bank_marketing_full,quarantine,0.05,20260803,naive
age_band,30-44,5936,0.4982456140350877,0.11539757412398922,0.09602425876010781,bank_marketing_full,quarantine,0.05,20260803,naive
age_band,45-59,3395,0.3788300835654596,0.09337260677466863,0.10574374079528719,bank_marketing_full,quarantine,0.05,20260803,naive
age_band,<30,1699,0.45126353790613716,0.14067098293113597,0.16303708063566805,bank_marketing_full,quarantine,0.05,20260803,naive
age_band,60+,273,0.47413793103448276,0.2967032967032967,0.4249084249084249,bank_marketing_full,quarantine,0.05,20260803,naive
marital,single,3226,0.6113445378151261,0.1491010539367638,0.14755114693118412,bank_marketing_full,repair,0.05,20260803,naive
marital,married,6769,0.5333333333333333,0.10149209632146551,0.10415127788447333,bank_marketing_full,repair,0.05,20260803,naive
marital,divorced,1308,0.5886524822695035,0.11773700305810397,0.10779816513761468,bank_marketing_full,repair,0.05,20260803,naive
age_band,30-44,5936,0.5649122807017544,0.10141509433962265,0.09602425876010781,bank_marketing_full,repair,0.05,20260803,naive
age_band,45-59,3395,0.5264623955431755,0.09808541973490427,0.10574374079528719,bank_marketing_full,repair,0.05,20260803,naive
age_band,<30,1699,0.5812274368231047,0.15420835785756326,0.16303708063566805,bank_marketing_full,repair,0.05,20260803,naive
age_band,60+,273,0.6724137931034483,0.45787545787545786,0.4249084249084249,bank_marketing_full,repair,0.05,20260803,naive
marital,single,3226,0.6722689075630253,0.15468071915685058,0.14755114693118412,bank_marketing_full,clean,0.05,20260804,naive
marital,married,6769,0.5687943262411348,0.10267395479391343,0.10415127788447333,bank_marketing_full,clean,0.05,20260804,naive
marital,divorced,1308,0.5957446808510638,0.09785932721712538,0.10779816513761468,bank_marketing_full,clean,0.05,20260804,naive
age_band,30-44,5936,0.6017543859649123,0.09568733153638814,0.09602425876010781,bank_marketing_full,clean,0.05,20260804,naive
age_band,45-59,3395,0.5403899721448467,0.09425625920471281,0.10574374079528719,bank_marketing_full,clean,0.05,20260804,naive
age_band,<30,1699,0.6534296028880866,0.16715715126545028,0.16303708063566805,bank_marketing_full,clean,0.05,20260804,naive
age_band,60+,273,0.75,0.5494505494505495,0.4249084249084249,bank_marketing_full,clean,0.05,20260804,naive
marital,single,3226,0.6617647058823529,0.15468071915685058,0.14755114693118412,bank_marketing_full,corrupted,0.05,20260804,naive
marital,married,6769,0.5602836879432624,0.10104889939429754,0.10415127788447333,bank_marketing_full,corrupted,0.05,20260804,naive
marital,divorced,1308,0.624113475177305,0.10626911314984709,0.10779816513761468,bank_marketing_full,corrupted,0.05,20260804,naive
age_band,30-44,5936,0.5754385964912281,0.09467654986522911,0.09602425876010781,bank_marketing_full,corrupted,0.05,20260804,naive
age_band,45-59,3395,0.5598885793871866,0.0930780559646539,0.10574374079528719,bank_marketing_full,corrupted,0.05,20260804,naive
age_band,<30,1699,0.6642599277978339,0.17422012948793408,0.16303708063566805,bank_marketing_full,corrupted,0.05,20260804,naive
age_band,60+,273,0.7327586206896551,0.5421245421245421,0.4249084249084249,bank_marketing_full,corrupted,0.05,20260804,naive
marital,single,3226,0.47689075630252103,0.1407315561066336,0.14755114693118412,bank_marketing_full,quarantine,0.05,20260804,naive
marital,married,6769,0.4340425531914894,0.11168562564632885,0.10415127788447333,bank_marketing_full,quarantine,0.05,20260804,naive
marital,divorced,1308,0.40425531914893614,0.0856269113149847,0.10779816513761468,bank_marketing_full,quarantine,0.05,20260804,naive
age_band,30-44,5936,0.44912280701754387,0.10798517520215634,0.09602425876010781,bank_marketing_full,quarantine,0.05,20260804,naive
age_band,45-59,3395,0.3983286908077994,0.0910162002945508,0.10574374079528719,bank_marketing_full,quarantine,0.05,20260804,naive
age_band,<30,1699,0.5126353790613718,0.17304296645085343,0.16303708063566805,bank_marketing_full,quarantine,0.05,20260804,naive
age_band,60+,273,0.4224137931034483,0.2857142857142857,0.4249084249084249,bank_marketing_full,quarantine,0.05,20260804,naive
marital,single,3226,0.5987394957983193,0.148171109733416,0.14755114693118412,bank_marketing_full,repair,0.05,20260804,naive
marital,married,6769,0.5290780141843971,0.1029694194120254,0.10415127788447333,bank_marketing_full,repair,0.05,20260804,naive
marital,divorced,1308,0.5957446808510638,0.11238532110091744,0.10779816513761468,bank_marketing_full,repair,0.05,20260804,naive
age_band,30-44,5936,0.5456140350877193,0.09669811320754718,0.09602425876010781,bank_marketing_full,repair,0.05,20260804,naive
age_band,45-59,3395,0.520891364902507,0.10250368188512518,0.10574374079528719,bank_marketing_full,repair,0.05,20260804,naive
age_band,<30,1699,0.5848375451263538,0.1553855208946439,0.16303708063566805,bank_marketing_full,repair,0.05,20260804,naive
age_band,60+,273,0.7068965517241379,0.4981684981684982,0.4249084249084249,bank_marketing_full,repair,0.05,20260804,naive
marital,single,3226,0.657563025210084,0.15499070055796652,0.14755114693118412,bank_marketing_full,clean,0.05,20260805,naive
marital,married,6769,0.5673758865248227,0.10252622248485743,0.10415127788447333,bank_marketing_full,clean,0.05,20260805,naive
marital,divorced,1308,0.5673758865248227,0.09785932721712538,0.10779816513761468,bank_marketing_full,clean,0.05,20260805,naive
age_band,30-44,5936,0.5894736842105263,0.09652964959568733,0.09602425876010781,bank_marketing_full,clean,0.05,20260805,naive
age_band,45-59,3395,0.5348189415041783,0.09278350515463918,0.10574374079528719,bank_marketing_full,clean,0.05,20260805,naive
age_band,<30,1699,0.631768953068592,0.16303708063566805,0.16303708063566805,bank_marketing_full,clean,0.05,20260805,naive
age_band,60+,273,0.7758620689655172,0.575091575091575,0.4249084249084249,bank_marketing_full,clean,0.05,20260805,naive
marital,single,3226,0.6596638655462185,0.15344079355238685,0.14755114693118412,bank_marketing_full,corrupted,0.05,20260805,naive
marital,married,6769,0.5659574468085107,0.10208302555768947,0.10415127788447333,bank_marketing_full,corrupted,0.05,20260805,naive
marital,divorced,1308,0.6170212765957447,0.10397553516819572,0.10779816513761468,bank_marketing_full,corrupted,0.05,20260805,naive
age_band,30-44,5936,0.5894736842105263,0.09754043126684636,0.09602425876010781,bank_marketing_full,corrupted,0.05,20260805,naive
age_band,45-59,3395,0.5710306406685237,0.09661266568483064,0.10574374079528719,bank_marketing_full,corrupted,0.05,20260805,naive
age_band,<30,1699,0.6209386281588448,0.1583284284873455,0.16303708063566805,bank_marketing_full,corrupted,0.05,20260805,naive
age_band,60+,273,0.75,0.5347985347985348,0.4249084249084249,bank_marketing_full,corrupted,0.05,20260805,naive
marital,single,3226,0.4684873949579832,0.1425914445133292,0.14755114693118412,bank_marketing_full,quarantine,0.05,20260805,naive
marital,married,6769,0.44964539007092197,0.10858324715615306,0.10415127788447333,bank_marketing_full,quarantine,0.05,20260805,naive
marital,divorced,1308,0.41843971631205673,0.09709480122324159,0.10779816513761468,bank_marketing_full,quarantine,0.05,20260805,naive
age_band,30-44,5936,0.4649122807017544,0.10663746630727763,0.09602425876010781,bank_marketing_full,quarantine,0.05,20260805,naive
age_band,45-59,3395,0.4206128133704735,0.098379970544919,0.10574374079528719,bank_marketing_full,quarantine,0.05,20260805,naive
age_band,<30,1699,0.47653429602888087,0.16597998822836962,0.16303708063566805,bank_marketing_full,quarantine,0.05,20260805,naive
age_band,60+,273,0.4396551724137931,0.2673992673992674,0.4249084249084249,bank_marketing_full,quarantine,0.05,20260805,naive
marital,single,3226,0.6239495798319328,0.15437073775573465,0.14755114693118412,bank_marketing_full,repair,0.05,20260805,naive
marital,married,6769,0.5319148936170213,0.10060570246712956,0.10415127788447333,bank_marketing_full,repair,0.05,20260805,naive
marital,divorced,1308,0.5957446808510638,0.10932721712538226,0.10779816513761468,bank_marketing_full,repair,0.05,20260805,naive
age_band,30-44,5936,0.5578947368421052,0.10074123989218328,0.09602425876010781,bank_marketing_full,repair,0.05,20260805,naive
age_band,45-59,3395,0.5125348189415042,0.09278350515463918,0.10574374079528719,bank_marketing_full,repair,0.05,20260805,naive
age_band,<30,1699,0.6064981949458483,0.15891701000588582,0.16303708063566805,bank_marketing_full,repair,0.05,20260805,naive
age_band,60+,273,0.7413793103448276,0.5091575091575091,0.4249084249084249,bank_marketing_full,repair,0.05,20260805,naive
marital,single,3226,0.657563025210084,0.15282083075015498,0.14755114693118412,bank_marketing_full,clean,0.05,20260806,naive
marital,married,6769,0.5702127659574469,0.10252622248485743,0.10415127788447333,bank_marketing_full,clean,0.05,20260806,naive
marital,divorced,1308,0.5886524822695035,0.10321100917431193,0.10779816513761468,bank_marketing_full,clean,0.05,20260806,naive
age_band,30-44,5936,0.5894736842105263,0.09585579514824798,0.09602425876010781,bank_marketing_full,clean,0.05,20260806,naive
age_band,45-59,3395,0.5403899721448467,0.09278350515463918,0.10574374079528719,bank_marketing_full,clean,0.05,20260806,naive
age_band,<30,1699,0.6425992779783394,0.16656856974690995,0.16303708063566805,bank_marketing_full,clean,0.05,20260806,naive
age_band,60+,273,0.7758620689655172,0.5677655677655677,0.4249084249084249,bank_marketing_full,clean,0.05,20260806,naive
marital,single,3226,0.6512605042016807,0.15530068195908245,0.14755114693118412,bank_marketing_full,corrupted,0.05,20260806,naive
marital,married,6769,0.5659574468085107,0.1029694194120254,0.10415127788447333,bank_marketing_full,corrupted,0.05,20260806,naive
marital,divorced,1308,0.5531914893617021,0.09480122324159021,0.10779816513761468,bank_marketing_full,corrupted,0.05,20260806,naive
age_band,30-44,5936,0.5912280701754385,0.09888814016172506,0.09602425876010781,bank_marketing_full,corrupted,0.05,20260806,naive
age_band,45-59,3395,0.5348189415041783,0.0910162002945508,0.10574374079528719,bank_marketing_full,corrupted,0.05,20260806,naive
age_band,<30,1699,0.6173285198555957,0.16774573278399058,0.16303708063566805,bank_marketing_full,corrupted,0.05,20260806,naive
age_band,60+,273,0.75,0.5164835164835165,0.4249084249084249,bank_marketing_full,corrupted,0.05,20260806,naive
marital,single,3226,0.4957983193277311,0.1509609423434594,0.14755114693118412,bank_marketing_full,quarantine,0.05,20260806,naive
marital,married,6769,0.44397163120567373,0.10548086866597725,0.10415127788447333,bank_marketing_full,quarantine,0.05,20260806,naive
marital,divorced,1308,0.4397163120567376,0.09250764525993883,0.10779816513761468,bank_marketing_full,quarantine,0.05,20260806,naive
age_band,30-44,5936,0.4842105263157895,0.108322102425876,0.09602425876010781,bank_marketing_full,quarantine,0.05,20260806,naive
age_band,45-59,3395,0.4428969359331476,0.1004418262150221,0.10574374079528719,bank_marketing_full,quarantine,0.05,20260806,naive
age_band,<30,1699,0.4548736462093863,0.15420835785756326,0.16303708063566805,bank_marketing_full,quarantine,0.05,20260806,naive
age_band,60+,273,0.43103448275862066,0.2783882783882784,0.4249084249084249,bank_marketing_full,quarantine,0.05,20260806,naive
marital,single,3226,0.5483193277310925,0.14321140731556106,0.14755114693118412,bank_marketing_full,repair,0.05,20260806,naive
marital,married,6769,0.5234042553191489,0.10592406559314523,0.10415127788447333,bank_marketing_full,repair,0.05,20260806,naive
marital,divorced,1308,0.5531914893617021,0.10932721712538226,0.10779816513761468,bank_marketing_full,repair,0.05,20260806,naive
age_band,30-44,5936,0.5210526315789473,0.09804582210242588,0.09602425876010781,bank_marketing_full,repair,0.05,20260806,naive
age_band,45-59,3395,0.5069637883008357,0.10250368188512518,0.10574374079528719,bank_marketing_full,repair,0.05,20260806,naive
age_band,<30,1699,0.5451263537906137,0.1524426133019423,0.16303708063566805,bank_marketing_full,repair,0.05,20260806,naive
age_band,60+,273,0.6724137931034483,0.48717948717948717,0.4249084249084249,bank_marketing_full,repair,0.05,20260806,naive
marital,single,3226,0.6554621848739496,0.15034097954122752,0.14755114693118412,bank_marketing_full,clean,0.05,20260807,naive
marital,married,6769,0.574468085106383,0.10356034864824937,0.10415127788447333,bank_marketing_full,clean,0.05,20260807,naive
marital,divorced,1308,0.5886524822695035,0.10397553516819572,0.10779816513761468,bank_marketing_full,clean,0.05,20260807,naive
age_band,30-44,5936,0.5929824561403508,0.09652964959568733,0.09602425876010781,bank_marketing_full,clean,0.05,20260807,naive
age_band,45-59,3395,0.5543175487465181,0.09337260677466863,0.10574374079528719,bank_marketing_full,clean,0.05,20260807,naive
age_band,<30,1699,0.6209386281588448,0.16009417304296644,0.16303708063566805,bank_marketing_full,clean,0.05,20260807,naive
age_band,60+,273,0.7844827586206896,0.5860805860805861,0.4249084249084249,bank_marketing_full,clean,0.05,20260807,naive
marital,single,3226,0.6617647058823529,0.15344079355238685,0.14755114693118412,bank_marketing_full,corrupted,0.05,20260807,naive
marital,married,6769,0.5702127659574469,0.10252622248485743,0.10415127788447333,bank_marketing_full,corrupted,0.05,20260807,naive
marital,divorced,1308,0.5886524822695035,0.10168195718654434,0.10779816513761468,bank_marketing_full,corrupted,0.05,20260807,naive
age_band,30-44,5936,0.6,0.0977088948787062,0.09602425876010781,bank_marketing_full,corrupted,0.05,20260807,naive
age_band,45-59,3395,0.5376044568245125,0.0898379970544919,0.10574374079528719,bank_marketing_full,corrupted,0.05,20260807,naive
age_band,<30,1699,0.6425992779783394,0.16774573278399058,0.16303708063566805,bank_marketing_full,corrupted,0.05,20260807,naive
age_band,60+,273,0.75,0.5567765567765568,0.4249084249084249,bank_marketing_full,corrupted,0.05,20260807,naive
marital,single,3226,0.49369747899159666,0.15344079355238685,0.14755114693118412,bank_marketing_full,quarantine,0.05,20260807,naive
marital,married,6769,0.4326241134751773,0.10341261633919338,0.10415127788447333,bank_marketing_full,quarantine,0.05,20260807,naive
marital,divorced,1308,0.45390070921985815,0.09709480122324159,0.10779816513761468,bank_marketing_full,quarantine,0.05,20260807,naive
age_band,30-44,5936,0.48596491228070177,0.11573450134770889,0.09602425876010781,bank_marketing_full,quarantine,0.05,20260807,naive
age_band,45-59,3395,0.4206128133704735,0.08807069219440354,0.10574374079528719,bank_marketing_full,quarantine,0.05,20260807,naive
age_band,<30,1699,0.4729241877256318,0.1583284284873455,0.16303708063566805,bank_marketing_full,quarantine,0.05,20260807,naive
age_band,60+,273,0.3879310344827586,0.2454212454212454,0.4249084249084249,bank_marketing_full,quarantine,0.05,20260807,naive
marital,single,3226,0.6176470588235294,0.15406075635461872,0.14755114693118412,bank_marketing_full,repair,0.05,20260807,naive
marital,married,6769,0.526241134751773,0.10060570246712956,0.10415127788447333,bank_marketing_full,repair,0.05,20260807,naive
marital,divorced,1308,0.5815602836879432,0.11009174311926606,0.10779816513761468,bank_marketing_full,repair,0.05,20260807,naive
age_band,30-44,5936,0.5473684210526316,0.09922506738544475,0.09602425876010781,bank_marketing_full,repair,0.05,20260807,naive
age_band,45-59,3395,0.520891364902507,0.09513991163475699,0.10574374079528719,bank_marketing_full,repair,0.05,20260807,naive
age_band,<30,1699,0.6064981949458483,0.16362566215420835,0.16303708063566805,bank_marketing_full,repair,0.05,20260807,naive
age_band,60+,273,0.6896551724137931,0.4835164835164835,0.4249084249084249,bank_marketing_full,repair,0.05,20260807,naive
marital,single,3226,0.6386554621848739,0.15034097954122752,0.14755114693118412,bank_marketing_full,clean,0.1,20260803,naive
marital,married,6769,0.5829787234042553,0.10415127788447333,0.10415127788447333,bank_marketing_full,clean,0.1,20260803,naive
marital,divorced,1308,0.574468085106383,0.10091743119266056,0.10779816513761468,bank_marketing_full,clean,0.1,20260803,naive
age_band,30-44,5936,0.5894736842105263,0.09669811320754718,0.09602425876010781,bank_marketing_full,clean,0.1,20260803,naive
age_band,45-59,3395,0.5487465181058496,0.09455081001472754,0.10574374079528719,bank_marketing_full,clean,0.1,20260803,naive
age_band,<30,1699,0.6353790613718412,0.1618599175985874,0.16303708063566805,bank_marketing_full,clean,0.1,20260803,naive
age_band,60+,273,0.75,0.5567765567765568,0.4249084249084249,bank_marketing_full,clean,0.1,20260803,naive
marital,single,3226,0.657563025210084,0.15592064476131431,0.14755114693118412,bank_marketing_full,corrupted,0.1,20260803,naive
marital,married,6769,0.577304964539007,0.10149209632146551,0.10415127788447333,bank_marketing_full,corrupted,0.1,20260803,naive
marital,divorced,1308,0.5460992907801419,0.10091743119266056,0.10779816513761468,bank_marketing_full,corrupted,0.1,20260803,naive
age_band,30-44,5936,0.5912280701754385,0.09686657681940701,0.09602425876010781,bank_marketing_full,corrupted,0.1,20260803,naive
age_band,45-59,3395,0.5515320334261838,0.09396170839469808,0.10574374079528719,bank_marketing_full,corrupted,0.1,20260803,naive
age_band,<30,1699,0.628158844765343,0.16539140670982933,0.16303708063566805,bank_marketing_full,corrupted,0.1,20260803,naive
age_band,60+,273,0.7586206896551724,0.5384615384615384,0.4249084249084249,bank_marketing_full,corrupted,0.1,20260803,naive
marital,single,3226,0.48739495798319327,0.1509609423434594,0.14755114693118412,bank_marketing_full,quarantine,0.1,20260803,naive
marital,married,6769,0.41702127659574467,0.10252622248485743,0.10415127788447333,bank_marketing_full,quarantine,0.1,20260803,naive
marital,divorced,1308,0.48226950354609927,0.10779816513761468,0.10779816513761468,bank_marketing_full,quarantine,0.1,20260803,naive
age_band,30-44,5936,0.47719298245614034,0.1091644204851752,0.09602425876010781,bank_marketing_full,quarantine,0.1,20260803,naive
age_band,45-59,3395,0.415041782729805,0.09720176730486009,0.10574374079528719,bank_marketing_full,quarantine,0.1,20260803,naive
age_band,<30,1699,0.44765342960288806,0.16009417304296644,0.16303708063566805,bank_marketing_full,quarantine,0.1,20260803,naive
age_band,60+,273,0.4224137931034483,0.26373626373626374,0.4249084249084249,bank_marketing_full,quarantine,0.1,20260803,naive
marital,single,3226,0.6071428571428571,0.15282083075015498,0.14755114693118412,bank_marketing_full,repair,0.1,20260803,naive
marital,married,6769,0.526241134751773,0.10031023784901758,0.10415127788447333,bank_marketing_full,repair,0.1,20260803,naive
marital,divorced,1308,0.5531914893617021,0.11467889908256881,0.10779816513761468,bank_marketing_full,repair,0.1,20260803,naive
age_band,30-44,5936,0.5508771929824562,0.09922506738544475,0.09602425876010781,bank_marketing_full,repair,0.1,20260803,naive
age_band,45-59,3395,0.5125348189415042,0.09867452135493372,0.10574374079528719,bank_marketing_full,repair,0.1,20260803,naive
age_band,<30,1699,0.5776173285198556,0.1547969393761036,0.16303708063566805,bank_marketing_full,repair,0.1,20260803,naive
age_band,60+,273,0.6896551724137931,0.4945054945054945,0.4249084249084249,bank_marketing_full,repair,0.1,20260803,naive
marital,single,3226,0.6722689075630253,0.15468071915685058,0.14755114693118412,bank_marketing_full,clean,0.1,20260804,naive
marital,married,6769,0.5687943262411348,0.10267395479391343,0.10415127788447333,bank_marketing_full,clean,0.1,20260804,naive
marital,divorced,1308,0.5957446808510638,0.09785932721712538,0.10779816513761468,bank_marketing_full,clean,0.1,20260804,naive
age_band,30-44,5936,0.6017543859649123,0.09568733153638814,0.09602425876010781,bank_marketing_full,clean,0.1,20260804,naive
age_band,45-59,3395,0.5403899721448467,0.09425625920471281,0.10574374079528719,bank_marketing_full,clean,0.1,20260804,naive
age_band,<30,1699,0.6534296028880866,0.16715715126545028,0.16303708063566805,bank_marketing_full,clean,0.1,20260804,naive
age_band,60+,273,0.75,0.5494505494505495,0.4249084249084249,bank_marketing_full,clean,0.1,20260804,naive
marital,single,3226,0.6554621848739496,0.15406075635461872,0.14755114693118412,bank_marketing_full,corrupted,0.1,20260804,naive
marital,married,6769,0.5673758865248227,0.10149209632146551,0.10415127788447333,bank_marketing_full,corrupted,0.1,20260804,naive
marital,divorced,1308,0.5957446808510638,0.10550458715596331,0.10779816513761468,bank_marketing_full,corrupted,0.1,20260804,naive
age_band,30-44,5936,0.5894736842105263,0.09737196765498653,0.09602425876010781,bank_marketing_full,corrupted,0.1,20260804,naive
age_band,45-59,3395,0.5292479108635098,0.0898379970544919,0.10574374079528719,bank_marketing_full,corrupted,0.1,20260804,naive
age_band,<30,1699,0.6462093862815884,0.16774573278399058,0.16303708063566805,bank_marketing_full,corrupted,0.1,20260804,naive
age_band,60+,273,0.7844827586206896,0.5641025641025641,0.4249084249084249,bank_marketing_full,corrupted,0.1,20260804,naive
marital,single,3226,0.46638655462184875,0.1444513329200248,0.14755114693118412,bank_marketing_full,quarantine,0.1,20260804,naive
marital,married,6769,0.4127659574468085,0.10666272713842517,0.10415127788447333,bank_marketing_full,quarantine,0.1,20260804,naive
marital,divorced,1308,0.4326241134751773,0.10244648318042814,0.10779816513761468,bank_marketing_full,quarantine,0.1,20260804,naive
age_band,30-44,5936,0.47719298245614034,0.1170822102425876,0.09602425876010781,bank_marketing_full,quarantine,0.1,20260804,naive
age_band,45-59,3395,0.3426183844011142,0.07746686303387335,0.10574374079528719,bank_marketing_full,quarantine,0.1,20260804,naive
age_band,<30,1699,0.4620938628158845,0.16539140670982933,0.16303708063566805,bank_marketing_full,quarantine,0.1,20260804,naive
age_band,60+,273,0.4396551724137931,0.304029304029304,0.4249084249084249,bank_marketing_full,quarantine,0.1,20260804,naive
marital,single,3226,0.5903361344537815,0.15189088654680719,0.14755114693118412,bank_marketing_full,repair,0.1,20260804,naive
marital,married,6769,0.5219858156028369,0.10119663170335352,0.10415127788447333,bank_marketing_full,repair,0.1,20260804,naive
marital,divorced,1308,0.5886524822695035,0.11238532110091744,0.10779816513761468,bank_marketing_full,repair,0.1,20260804,naive
age_band,30-44,5936,0.5350877192982456,0.0998989218328841,0.09602425876010781,bank_marketing_full,repair,0.1,20260804,naive
age_band,45-59,3395,0.5041782729805014,0.0910162002945508,0.10574374079528719,bank_marketing_full,repair,0.1,20260804,naive
age_band,<30,1699,0.5992779783393501,0.16539140670982933,0.16303708063566805,bank_marketing_full,repair,0.1,20260804,naive
age_band,60+,273,0.6896551724137931,0.5091575091575091,0.4249084249084249,bank_marketing_full,repair,0.1,20260804,naive
marital,single,3226,0.657563025210084,0.15499070055796652,0.14755114693118412,bank_marketing_full,clean,0.1,20260805,naive
marital,married,6769,0.5673758865248227,0.10252622248485743,0.10415127788447333,bank_marketing_full,clean,0.1,20260805,naive
marital,divorced,1308,0.5673758865248227,0.09785932721712538,0.10779816513761468,bank_marketing_full,clean,0.1,20260805,naive
age_band,30-44,5936,0.5894736842105263,0.09652964959568733,0.09602425876010781,bank_marketing_full,clean,0.1,20260805,naive
age_band,45-59,3395,0.5348189415041783,0.09278350515463918,0.10574374079528719,bank_marketing_full,clean,0.1,20260805,naive
age_band,<30,1699,0.631768953068592,0.16303708063566805,0.16303708063566805,bank_marketing_full,clean,0.1,20260805,naive
age_band,60+,273,0.7758620689655172,0.575091575091575,0.4249084249084249,bank_marketing_full,clean,0.1,20260805,naive
marital,single,3226,0.6470588235294118,0.15375077495350278,0.14755114693118412,bank_marketing_full,corrupted,0.1,20260805,naive
marital,married,6769,0.5631205673758866,0.10311715172108141,0.10415127788447333,bank_marketing_full,corrupted,0.1,20260805,naive
marital,divorced,1308,0.574468085106383,0.09785932721712538,0.10779816513761468,bank_marketing_full,corrupted,0.1,20260805,naive
age_band,30-44,5936,0.5666666666666667,0.09501347708894879,0.09602425876010781,bank_marketing_full,corrupted,0.1,20260805,naive
age_band,45-59,3395,0.5571030640668524,0.09543446244477172,0.10574374079528719,bank_marketing_full,corrupted,0.1,20260805,naive
age_band,<30,1699,0.6209386281588448,0.16421424367274867,0.16303708063566805,bank_marketing_full,corrupted,0.1,20260805,naive
age_band,60+,273,0.7844827586206896,0.5677655677655677,0.4249084249084249,bank_marketing_full,corrupted,0.1,20260805,naive
marital,single,3226,0.49369747899159666,0.14135151890886546,0.14755114693118412,bank_marketing_full,quarantine,0.1,20260805,naive
marital,married,6769,0.451063829787234,0.11020830255576895,0.10415127788447333,bank_marketing_full,quarantine,0.1,20260805,naive
marital,divorced,1308,0.41843971631205673,0.09174311926605505,0.10779816513761468,bank_marketing_full,quarantine,0.1,20260805,naive
age_band,30-44,5936,0.4543859649122807,0.0985512129380054,0.09602425876010781,bank_marketing_full,quarantine,0.1,20260805,naive
age_band,45-59,3395,0.467966573816156,0.11104565537555228,0.10574374079528719,bank_marketing_full,quarantine,0.1,20260805,naive
age_band,<30,1699,0.4657039711191336,0.15950559152442614,0.16303708063566805,bank_marketing_full,quarantine,0.1,20260805,naive
age_band,60+,273,0.4827586206896552,0.326007326007326,0.4249084249084249,bank_marketing_full,quarantine,0.1,20260805,naive
marital,single,3226,0.569327731092437,0.1500309981401116,0.14755114693118412,bank_marketing_full,repair,0.1,20260805,naive
marital,married,6769,0.5191489361702127,0.10237849017580145,0.10415127788447333,bank_marketing_full,repair,0.1,20260805,naive
marital,divorced,1308,0.5673758865248227,0.11085626911314984,0.10779816513761468,bank_marketing_full,repair,0.1,20260805,naive
age_band,30-44,5936,0.5350877192982456,0.10192048517520215,0.09602425876010781,bank_marketing_full,repair,0.1,20260805,naive
age_band,45-59,3395,0.5069637883008357,0.09513991163475699,0.10574374079528719,bank_marketing_full,repair,0.1,20260805,naive
age_band,<30,1699,0.5451263537906137,0.1524426133019423,0.16303708063566805,bank_marketing_full,repair,0.1,20260805,naive
age_band,60+,273,0.6810344827586207,0.4945054945054945,0.4249084249084249,bank_marketing_full,repair,0.1,20260805,naive
marital,single,3226,0.657563025210084,0.15282083075015498,0.14755114693118412,bank_marketing_full,clean,0.1,20260806,naive
marital,married,6769,0.5702127659574469,0.10252622248485743,0.10415127788447333,bank_marketing_full,clean,0.1,20260806,naive
marital,divorced,1308,0.5886524822695035,0.10321100917431193,0.10779816513761468,bank_marketing_full,clean,0.1,20260806,naive
age_band,30-44,5936,0.5894736842105263,0.09585579514824798,0.09602425876010781,bank_marketing_full,clean,0.1,20260806,naive
age_band,45-59,3395,0.5403899721448467,0.09278350515463918,0.10574374079528719,bank_marketing_full,clean,0.1,20260806,naive
age_band,<30,1699,0.6425992779783394,0.16656856974690995,0.16303708063566805,bank_marketing_full,clean,0.1,20260806,naive
age_band,60+,273,0.7758620689655172,0.5677655677655677,0.4249084249084249,bank_marketing_full,clean,0.1,20260806,naive
marital,single,3226,0.6491596638655462,0.15530068195908245,0.14755114693118412,bank_marketing_full,corrupted,0.1,20260806,naive
marital,married,6769,0.548936170212766,0.10149209632146551,0.10415127788447333,bank_marketing_full,corrupted,0.1,20260806,naive
marital,divorced,1308,0.6028368794326241,0.10244648318042814,0.10779816513761468,bank_marketing_full,corrupted,0.1,20260806,naive
age_band,30-44,5936,0.5789473684210527,0.09720350404312668,0.09602425876010781,bank_marketing_full,corrupted,0.1,20260806,naive
age_band,45-59,3395,0.5376044568245125,0.09160530191458026,0.10574374079528719,bank_marketing_full,corrupted,0.1,20260806,naive
age_band,<30,1699,0.6064981949458483,0.16715715126545028,0.16303708063566805,bank_marketing_full,corrupted,0.1,20260806,naive
age_band,60+,273,0.7758620689655172,0.5494505494505495,0.4249084249084249,bank_marketing_full,corrupted,0.1,20260806,naive
marital,single,3226,0.46638655462184875,0.14476131432114073,0.14755114693118412,bank_marketing_full,quarantine,0.1,20260806,naive
marital,married,6769,0.40425531914893614,0.09986704092184961,0.10415127788447333,bank_marketing_full,quarantine,0.1,20260806,naive
marital,divorced,1308,0.524822695035461,0.13685015290519878,0.10779816513761468,bank_marketing_full,quarantine,0.1,20260806,naive
age_band,30-44,5936,0.4087719298245614,0.09720350404312668,0.09602425876010781,bank_marketing_full,quarantine,0.1,20260806,naive
age_band,45-59,3395,0.38440111420612816,0.09572901325478646,0.10574374079528719,bank_marketing_full,quarantine,0.1,20260806,naive
age_band,<30,1699,0.5451263537906137,0.18952324896998235,0.16303708063566805,bank_marketing_full,quarantine,0.1,20260806,naive
age_band,60+,273,0.5086206896551724,0.358974358974359,0.4249084249084249,bank_marketing_full,quarantine,0.1,20260806,naive
marital,single,3226,0.6050420168067226,0.15499070055796652,0.14755114693118412,bank_marketing_full,repair,0.1,20260806,naive
marital,married,6769,0.5234042553191489,0.10016250553996159,0.10415127788447333,bank_marketing_full,repair,0.1,20260806,naive
marital,divorced,1308,0.5886524822695035,0.11009174311926606,0.10779816513761468,bank_marketing_full,repair,0.1,20260806,naive
age_band,30-44,5936,0.5543859649122806,0.09838274932614555,0.09602425876010781,bank_marketing_full,repair,0.1,20260806,naive
age_band,45-59,3395,0.5013927576601671,0.09572901325478646,0.10574374079528719,bank_marketing_full,repair,0.1,20260806,naive
age_band,<30,1699,0.5776173285198556,0.16303708063566805,0.16303708063566805,bank_marketing_full,repair,0.1,20260806,naive
age_band,60+,273,0.7241379310344828,0.4981684981684982,0.4249084249084249,bank_marketing_full,repair,0.1,20260806,naive
marital,single,3226,0.6554621848739496,0.15034097954122752,0.14755114693118412,bank_marketing_full,clean,0.1,20260807,naive
marital,married,6769,0.574468085106383,0.10356034864824937,0.10415127788447333,bank_marketing_full,clean,0.1,20260807,naive
marital,divorced,1308,0.5886524822695035,0.10397553516819572,0.10779816513761468,bank_marketing_full,clean,0.1,20260807,naive
age_band,30-44,5936,0.5929824561403508,0.09652964959568733,0.09602425876010781,bank_marketing_full,clean,0.1,20260807,naive
age_band,45-59,3395,0.5543175487465181,0.09337260677466863,0.10574374079528719,bank_marketing_full,clean,0.1,20260807,naive
age_band,<30,1699,0.6209386281588448,0.16009417304296644,0.16303708063566805,bank_marketing_full,clean,0.1,20260807,naive
age_band,60+,273,0.7844827586206896,0.5860805860805861,0.4249084249084249,bank_marketing_full,clean,0.1,20260807,naive
marital,single,3226,0.6491596638655462,0.15437073775573465,0.14755114693118412,bank_marketing_full,corrupted,0.1,20260807,naive
marital,married,6769,0.5659574468085107,0.10208302555768947,0.10415127788447333,bank_marketing_full,corrupted,0.1,20260807,naive
marital,divorced,1308,0.574468085106383,0.10168195718654434,0.10779816513761468,bank_marketing_full,corrupted,0.1,20260807,naive
age_band,30-44,5936,0.5877192982456141,0.09720350404312668,0.09602425876010781,bank_marketing_full,corrupted,0.1,20260807,naive
age_band,45-59,3395,0.5403899721448467,0.09396170839469808,0.10574374079528719,bank_marketing_full,corrupted,0.1,20260807,naive
age_band,<30,1699,0.628158844765343,0.16597998822836962,0.16303708063566805,bank_marketing_full,corrupted,0.1,20260807,naive
age_band,60+,273,0.7413793103448276,0.5274725274725275,0.4249084249084249,bank_marketing_full,corrupted,0.1,20260807,naive
marital,single,3226,0.43487394957983194,0.14383137011779293,0.14755114693118412,bank_marketing_full,quarantine,0.1,20260807,naive
marital,married,6769,0.41134751773049644,0.10976510562860098,0.10415127788447333,bank_marketing_full,quarantine,0.1,20260807,naive
marital,divorced,1308,0.375886524822695,0.08792048929663608,0.10779816513761468,bank_marketing_full,quarantine,0.1,20260807,naive
age_band,30-44,5936,0.44035087719298244,0.10865902964959569,0.09602425876010781,bank_marketing_full,quarantine,0.1,20260807,naive
age_band,45-59,3395,0.37604456824512533,0.09749631811487482,0.10574374079528719,bank_marketing_full,quarantine,0.1,20260807,naive
age_band,<30,1699,0.36823104693140796,0.14479105356091818,0.16303708063566805,bank_marketing_full,quarantine,0.1,20260807,naive
age_band,60+,273,0.5344827586206896,0.3663003663003663,0.4249084249084249,bank_marketing_full,quarantine,0.1,20260807,naive
marital,single,3226,0.569327731092437,0.14786112833230006,0.14755114693118412,bank_marketing_full,repair,0.1,20260807,naive
marital,married,6769,0.5120567375886524,0.10356034864824937,0.10415127788447333,bank_marketing_full,repair,0.1,20260807,naive
marital,divorced,1308,0.5673758865248227,0.11009174311926606,0.10779816513761468,bank_marketing_full,repair,0.1,20260807,naive
age_band,30-44,5936,0.5280701754385965,0.10040431266846361,0.09602425876010781,bank_marketing_full,repair,0.1,20260807,naive
age_band,45-59,3395,0.4763231197771588,0.09425625920471281,0.10574374079528719,bank_marketing_full,repair,0.1,20260807,naive
age_band,<30,1699,0.5595667870036101,0.1583284284873455,0.16303708063566805,bank_marketing_full,repair,0.1,20260807,naive
age_band,60+,273,0.7327586206896551,0.5018315018315018,0.4249084249084249,bank_marketing_full,repair,0.1,20260807,naive
marital,single,3226,0.6386554621848739,0.15034097954122752,0.14755114693118412,bank_marketing_full,clean,0.2,20260803,naive
marital,married,6769,0.5829787234042553,0.10415127788447333,0.10415127788447333,bank_marketing_full,clean,0.2,20260803,naive
marital,divorced,1308,0.574468085106383,0.10091743119266056,0.10779816513761468,bank_marketing_full,clean,0.2,20260803,naive
age_band,30-44,5936,0.5894736842105263,0.09669811320754718,0.09602425876010781,bank_marketing_full,clean,0.2,20260803,naive
age_band,45-59,3395,0.5487465181058496,0.09455081001472754,0.10574374079528719,bank_marketing_full,clean,0.2,20260803,naive
age_band,<30,1699,0.6353790613718412,0.1618599175985874,0.16303708063566805,bank_marketing_full,clean,0.2,20260803,naive
age_band,60+,273,0.75,0.5567765567765568,0.4249084249084249,bank_marketing_full,clean,0.2,20260803,naive
marital,single,3226,0.6323529411764706,0.15251084934903905,0.14755114693118412,bank_marketing_full,corrupted,0.2,20260803,naive
marital,married,6769,0.5617021276595745,0.10252622248485743,0.10415127788447333,bank_marketing_full,corrupted,0.2,20260803,naive
marital,divorced,1308,0.6028368794326241,0.10397553516819572,0.10779816513761468,bank_marketing_full,corrupted,0.2,20260803,naive
age_band,30-44,5936,0.5719298245614035,0.09349730458221024,0.09602425876010781,bank_marketing_full,corrupted,0.2,20260803,naive
age_band,45-59,3395,0.5431754874651811,0.09513991163475699,0.10574374079528719,bank_marketing_full,corrupted,0.2,20260803,naive
age_band,<30,1699,0.6245487364620939,0.1718658034137728,0.16303708063566805,bank_marketing_full,corrupted,0.2,20260803,naive
age_band,60+,273,0.7586206896551724,0.5567765567765568,0.4249084249084249,bank_marketing_full,corrupted,0.2,20260803,naive
marital,single,3226,0.4474789915966387,0.12430254184748915,0.14755114693118412,bank_marketing_full,quarantine,0.2,20260803,naive
marital,married,6769,0.4695035460992908,0.11316294873688876,0.10415127788447333,bank_marketing_full,quarantine,0.2,20260803,naive
marital,divorced,1308,0.5106382978723404,0.11850152905198777,0.10779816513761468,bank_marketing_full,quarantine,0.2,20260803,naive
age_band,30-44,5936,0.45789473684210524,0.10158355795148248,0.09602425876010781,bank_marketing_full,quarantine,0.2,20260803,naive
age_band,45-59,3395,0.49303621169916434,0.11752577319587629,0.10574374079528719,bank_marketing_full,quarantine,0.2,20260803,naive
age_band,<30,1699,0.4151624548736462,0.1288993525603296,0.16303708063566805,bank_marketing_full,quarantine,0.2,20260803,naive
age_band,60+,273,0.5431034482758621,0.36996336996337,0.4249084249084249,bank_marketing_full,quarantine,0.2,20260803,naive
marital,single,3226,0.5819327731092437,0.14941103533787972,0.14755114693118412,bank_marketing_full,repair,0.2,20260803,naive
marital,married,6769,0.5177304964539007,0.10178756093957748,0.10415127788447333,bank_marketing_full,repair,0.2,20260803,naive
marital,divorced,1308,0.5460992907801419,0.1154434250764526,0.10779816513761468,bank_marketing_full,repair,0.2,20260803,naive
age_band,30-44,5936,0.5350877192982456,0.10006738544474393,0.09602425876010781,bank_marketing_full,repair,0.2,20260803,naive
age_band,45-59,3395,0.5181058495821727,0.10014727540500737,0.10574374079528719,bank_marketing_full,repair,0.2,20260803,naive
age_band,<30,1699,0.5776173285198556,0.16068275456150677,0.16303708063566805,bank_marketing_full,repair,0.2,20260803,naive
age_band,60+,273,0.5862068965517241,0.42124542124542125,0.4249084249084249,bank_marketing_full,repair,0.2,20260803,naive
marital,single,3226,0.6722689075630253,0.15468071915685058,0.14755114693118412,bank_marketing_full,clean,0.2,20260804,naive
marital,married,6769,0.5687943262411348,0.10267395479391343,0.10415127788447333,bank_marketing_full,clean,0.2,20260804,naive
marital,divorced,1308,0.5957446808510638,0.09785932721712538,0.10779816513761468,bank_marketing_full,clean,0.2,20260804,naive
age_band,30-44,5936,0.6017543859649123,0.09568733153638814,0.09602425876010781,bank_marketing_full,clean,0.2,20260804,naive
age_band,45-59,3395,0.5403899721448467,0.09425625920471281,0.10574374079528719,bank_marketing_full,clean,0.2,20260804,naive
age_band,<30,1699,0.6534296028880866,0.16715715126545028,0.16303708063566805,bank_marketing_full,clean,0.2,20260804,naive
age_band,60+,273,0.75,0.5494505494505495,0.4249084249084249,bank_marketing_full,clean,0.2,20260804,naive
marital,single,3226,0.6428571428571429,0.15406075635461872,0.14755114693118412,bank_marketing_full,corrupted,0.2,20260804,naive
marital,married,6769,0.5758865248226951,0.10193529324863347,0.10415127788447333,bank_marketing_full,corrupted,0.2,20260804,naive
marital,divorced,1308,0.5815602836879432,0.10321100917431193,0.10779816513761468,bank_marketing_full,corrupted,0.2,20260804,naive
age_band,30-44,5936,0.5736842105263158,0.09535040431266846,0.09602425876010781,bank_marketing_full,corrupted,0.2,20260804,naive
age_band,45-59,3395,0.5793871866295265,0.09749631811487482,0.10574374079528719,bank_marketing_full,corrupted,0.2,20260804,naive
age_band,<30,1699,0.628158844765343,0.16715715126545028,0.16303708063566805,bank_marketing_full,corrupted,0.2,20260804,naive
age_band,60+,273,0.7327586206896551,0.5164835164835165,0.4249084249084249,bank_marketing_full,corrupted,0.2,20260804,naive
marital,single,3226,0.42436974789915966,0.12988220706757594,0.14755114693118412,bank_marketing_full,quarantine,0.2,20260804,naive
marital,married,6769,0.40709219858156026,0.11198109026444084,0.10415127788447333,bank_marketing_full,quarantine,0.2,20260804,naive
marital,divorced,1308,0.41134751773049644,0.11085626911314984,0.10779816513761468,bank_marketing_full,quarantine,0.2,20260804,naive
age_band,30-44,5936,0.38070175438596493,0.09905660377358491,0.09602425876010781,bank_marketing_full,quarantine,0.2,20260804,naive
age_band,45-59,3395,0.4206128133704735,0.11192930780559647,0.10574374079528719,bank_marketing_full,quarantine,0.2,20260804,naive
age_band,<30,1699,0.44765342960288806,0.1559741024131842,0.16303708063566805,bank_marketing_full,quarantine,0.2,20260804,naive
age_band,60+,273,0.47413793103448276,0.326007326007326,0.4249084249084249,bank_marketing_full,quarantine,0.2,20260804,naive
marital,single,3226,0.6113445378151261,0.15592064476131431,0.14755114693118412,bank_marketing_full,repair,0.2,20260804,naive
marital,married,6769,0.5276595744680851,0.09942384399468164,0.10415127788447333,bank_marketing_full,repair,0.2,20260804,naive
marital,divorced,1308,0.5460992907801419,0.11162079510703364,0.10779816513761468,bank_marketing_full,repair,0.2,20260804,naive
age_band,30-44,5936,0.5385964912280702,0.09501347708894879,0.09602425876010781,bank_marketing_full,repair,0.2,20260804,naive
age_band,45-59,3395,0.5153203342618384,0.101620029455081,0.10574374079528719,bank_marketing_full,repair,0.2,20260804,naive
age_band,<30,1699,0.6028880866425993,0.16656856974690995,0.16303708063566805,bank_marketing_full,repair,0.2,20260804,naive
age_band,60+,273,0.6982758620689655,0.47619047619047616,0.4249084249084249,bank_marketing_full,repair,0.2,20260804,naive
marital,single,3226,0.657563025210084,0.15499070055796652,0.14755114693118412,bank_marketing_full,clean,0.2,20260805,naive
marital,married,6769,0.5673758865248227,0.10252622248485743,0.10415127788447333,bank_marketing_full,clean,0.2,20260805,naive
marital,divorced,1308,0.5673758865248227,0.09785932721712538,0.10779816513761468,bank_marketing_full,clean,0.2,20260805,naive
age_band,30-44,5936,0.5894736842105263,0.09652964959568733,0.09602425876010781,bank_marketing_full,clean,0.2,20260805,naive
age_band,45-59,3395,0.5348189415041783,0.09278350515463918,0.10574374079528719,bank_marketing_full,clean,0.2,20260805,naive
age_band,<30,1699,0.631768953068592,0.16303708063566805,0.16303708063566805,bank_marketing_full,clean,0.2,20260805,naive
age_band,60+,273,0.7758620689655172,0.575091575091575,0.4249084249084249,bank_marketing_full,clean,0.2,20260805,naive
marital,single,3226,0.6428571428571429,0.15468071915685058,0.14755114693118412,bank_marketing_full,corrupted,0.2,20260805,naive
marital,married,6769,0.5546099290780142,0.10119663170335352,0.10415127788447333,bank_marketing_full,corrupted,0.2,20260805,naive
marital,divorced,1308,0.5957446808510638,0.10550458715596331,0.10779816513761468,bank_marketing_full,corrupted,0.2,20260805,naive
age_band,30-44,5936,0.5508771929824562,0.09433962264150944,0.09602425876010781,bank_marketing_full,corrupted,0.2,20260805,naive
age_band,45-59,3395,0.5543175487465181,0.09543446244477172,0.10574374079528719,bank_marketing_full,corrupted,0.2,20260805,naive
age_band,<30,1699,0.6534296028880866,0.17245438493231313,0.16303708063566805,bank_marketing_full,corrupted,0.2,20260805,naive
age_band,60+,273,0.75,0.5311355311355311,0.4249084249084249,bank_marketing_full,corrupted,0.2,20260805,naive
marital,single,3226,0.45168067226890757,0.15158090514569125,0.14755114693118412,bank_marketing_full,quarantine,0.2,20260805,naive
marital,married,6769,0.3517730496453901,0.10223075786674546,0.10415127788447333,bank_marketing_full,quarantine,0.2,20260805,naive
marital,divorced,1308,0.3900709219858156,0.10779816513761468,0.10779816513761468,bank_marketing_full,quarantine,0.2,20260805,naive
age_band,30-44,5936,0.4666666666666667,0.1399932614555256,0.09602425876010781,bank_marketing_full,quarantine,0.2,20260805,naive
age_band,45-59,3395,0.2646239554317549,0.05714285714285714,0.10574374079528719,bank_marketing_full,quarantine,0.2,20260805,naive
age_band,<30,1699,0.40794223826714804,0.13713949381989404,0.16303708063566805,bank_marketing_full,quarantine,0.2,20260805,naive
age_band,60+,273,0.3793103448275862,0.23443223443223443,0.4249084249084249,bank_marketing_full,quarantine,0.2,20260805,naive
marital,single,3226,0.5945378151260504,0.15127092374457532,0.14755114693118412,bank_marketing_full,repair,0.2,20260805,naive
marital,married,6769,0.5361702127659574,0.1029694194120254,0.10415127788447333,bank_marketing_full,repair,0.2,20260805,naive
marital,divorced,1308,0.574468085106383,0.10474006116207951,0.10779816513761468,bank_marketing_full,repair,0.2,20260805,naive
age_band,30-44,5936,0.5491228070175439,0.1012466307277628,0.09602425876010781,bank_marketing_full,repair,0.2,20260805,naive
age_band,45-59,3395,0.5403899721448467,0.09690721649484536,0.10574374079528719,bank_marketing_full,repair,0.2,20260805,naive
age_band,<30,1699,0.6028880866425993,0.164802825191289,0.16303708063566805,bank_marketing_full,repair,0.2,20260805,naive
age_band,60+,273,0.5862068965517241,0.41025641025641024,0.4249084249084249,bank_marketing_full,repair,0.2,20260805,naive
marital,single,3226,0.657563025210084,0.15282083075015498,0.14755114693118412,bank_marketing_full,clean,0.2,20260806,naive
marital,married,6769,0.5702127659574469,0.10252622248485743,0.10415127788447333,bank_marketing_full,clean,0.2,20260806,naive
marital,divorced,1308,0.5886524822695035,0.10321100917431193,0.10779816513761468,bank_marketing_full,clean,0.2,20260806,naive
age_band,30-44,5936,0.5894736842105263,0.09585579514824798,0.09602425876010781,bank_marketing_full,clean,0.2,20260806,naive
age_band,45-59,3395,0.5403899721448467,0.09278350515463918,0.10574374079528719,bank_marketing_full,clean,0.2,20260806,naive
age_band,<30,1699,0.6425992779783394,0.16656856974690995,0.16303708063566805,bank_marketing_full,clean,0.2,20260806,naive
age_band,60+,273,0.7758620689655172,0.5677655677655677,0.4249084249084249,bank_marketing_full,clean,0.2,20260806,naive
marital,single,3226,0.6701680672268907,0.16212027278363297,0.14755114693118412,bank_marketing_full,corrupted,0.2,20260806,naive
marital,married,6769,0.5304964539007092,0.09720785935884178,0.10415127788447333,bank_marketing_full,corrupted,0.2,20260806,naive
marital,divorced,1308,0.6099290780141844,0.10779816513761468,0.10779816513761468,bank_marketing_full,corrupted,0.2,20260806,naive
age_band,30-44,5936,0.5596491228070175,0.09585579514824798,0.09602425876010781,bank_marketing_full,corrupted,0.2,20260806,naive
age_band,45-59,3395,0.5264623955431755,0.091899852724595,0.10574374079528719,bank_marketing_full,corrupted,0.2,20260806,naive
age_band,<30,1699,0.6570397111913358,0.17598587404355504,0.16303708063566805,bank_marketing_full,corrupted,0.2,20260806,naive
age_band,60+,273,0.7672413793103449,0.5201465201465202,0.4249084249084249,bank_marketing_full,corrupted,0.2,20260806,naive
marital,single,3226,0.453781512605042,0.1370117792932424,0.14755114693118412,bank_marketing_full,quarantine,0.2,20260806,naive
marital,married,6769,0.42127659574468085,0.1078445856108731,0.10415127788447333,bank_marketing_full,quarantine,0.2,20260806,naive
marital,divorced,1308,0.48226950354609927,0.11467889908256881,0.10779816513761468,bank_marketing_full,quarantine,0.2,20260806,naive
age_band,30-44,5936,0.4087719298245614,0.10394204851752022,0.09602425876010781,bank_marketing_full,quarantine,0.2,20260806,naive
age_band,45-59,3395,0.403899721448468,0.09602356406480118,0.10574374079528719,bank_marketing_full,quarantine,0.2,20260806,naive
age_band,<30,1699,0.5126353790613718,0.16715715126545028,0.16303708063566805,bank_marketing_full,quarantine,0.2,20260806,naive
age_band,60+,273,0.5258620689655172,0.34798534798534797,0.4249084249084249,bank_marketing_full,quarantine,0.2,20260806,naive
marital,single,3226,0.6050420168067226,0.15499070055796652,0.14755114693118412,bank_marketing_full,repair,0.2,20260806,naive
marital,married,6769,0.5120567375886524,0.09986704092184961,0.10415127788447333,bank_marketing_full,repair,0.2,20260806,naive
marital,divorced,1308,0.524822695035461,0.11162079510703364,0.10779816513761468,bank_marketing_full,repair,0.2,20260806,naive
age_band,30-44,5936,0.5473684210526316,0.10023584905660378,0.09602425876010781,bank_marketing_full,repair,0.2,20260806,naive
age_band,45-59,3395,0.48746518105849584,0.09513991163475699,0.10574374079528719,bank_marketing_full,repair,0.2,20260806,naive
age_band,<30,1699,0.5776173285198556,0.15891701000588582,0.16303708063566805,bank_marketing_full,repair,0.2,20260806,naive
age_band,60+,273,0.6551724137931034,0.4908424908424908,0.4249084249084249,bank_marketing_full,repair,0.2,20260806,naive
marital,single,3226,0.6554621848739496,0.15034097954122752,0.14755114693118412,bank_marketing_full,clean,0.2,20260807,naive
marital,married,6769,0.574468085106383,0.10356034864824937,0.10415127788447333,bank_marketing_full,clean,0.2,20260807,naive
marital,divorced,1308,0.5886524822695035,0.10397553516819572,0.10779816513761468,bank_marketing_full,clean,0.2,20260807,naive
age_band,30-44,5936,0.5929824561403508,0.09652964959568733,0.09602425876010781,bank_marketing_full,clean,0.2,20260807,naive
age_band,45-59,3395,0.5543175487465181,0.09337260677466863,0.10574374079528719,bank_marketing_full,clean,0.2,20260807,naive
age_band,<30,1699,0.6209386281588448,0.16009417304296644,0.16303708063566805,bank_marketing_full,clean,0.2,20260807,naive
age_band,60+,273,0.7844827586206896,0.5860805860805861,0.4249084249084249,bank_marketing_full,clean,0.2,20260807,naive
marital,single,3226,0.6533613445378151,0.15468071915685058,0.14755114693118412,bank_marketing_full,corrupted,0.2,20260807,naive
marital,married,6769,0.5716312056737589,0.10178756093957748,0.10415127788447333,bank_marketing_full,corrupted,0.2,20260807,naive
marital,divorced,1308,0.5886524822695035,0.10244648318042814,0.10779816513761468,bank_marketing_full,corrupted,0.2,20260807,naive
age_band,30-44,5936,0.5754385964912281,0.09467654986522911,0.09602425876010781,bank_marketing_full,corrupted,0.2,20260807,naive
age_band,45-59,3395,0.5626740947075209,0.09602356406480118,0.10574374079528719,bank_marketing_full,corrupted,0.2,20260807,naive
age_band,<30,1699,0.6353790613718412,0.17010005885815185,0.16303708063566805,bank_marketing_full,corrupted,0.2,20260807,naive
age_band,60+,273,0.7844827586206896,0.5311355311355311,0.4249084249084249,bank_marketing_full,corrupted,0.2,20260807,naive
marital,single,3226,0.48739495798319327,0.1568505889646621,0.14755114693118412,bank_marketing_full,quarantine,0.2,20260807,naive
marital,married,6769,0.4156028368794326,0.10415127788447333,0.10415127788447333,bank_marketing_full,quarantine,0.2,20260807,naive
marital,divorced,1308,0.3049645390070922,0.08486238532110092,0.10779816513761468,bank_marketing_full,quarantine,0.2,20260807,naive
age_band,30-44,5936,0.4543859649122807,0.11506064690026954,0.09602425876010781,bank_marketing_full,quarantine,0.2,20260807,naive
age_band,45-59,3395,0.37604456824512533,0.08541973490427099,0.10574374079528719,bank_marketing_full,quarantine,0.2,20260807,naive
age_band,<30,1699,0.4584837545126354,0.16244849911712772,0.16303708063566805,bank_marketing_full,quarantine,0.2,20260807,naive
age_band,60+,273,0.4051724137931034,0.2673992673992674,0.4249084249084249,bank_marketing_full,quarantine,0.2,20260807,naive
marital,single,3226,0.6050420168067226,0.15840049597024178,0.14755114693118412,bank_marketing_full,repair,0.2,20260807,naive
marital,married,6769,0.5191489361702127,0.10045797015807358,0.10415127788447333,bank_marketing_full,repair,0.2,20260807,naive
marital,divorced,1308,0.5319148936170213,0.10015290519877676,0.10779816513761468,bank_marketing_full,repair,0.2,20260807,naive
age_band,30-44,5936,0.5526315789473685,0.09838274932614555,0.09602425876010781,bank_marketing_full,repair,0.2,20260807,naive
age_band,45-59,3395,0.4958217270194986,0.09337260677466863,0.10574374079528719,bank_marketing_full,repair,0.2,20260807,naive
age_band,<30,1699,0.5812274368231047,0.1748087110064744,0.16303708063566805,bank_marketing_full,repair,0.2,20260807,naive
age_band,60+,273,0.646551724137931,0.4542124542124542,0.4249084249084249,bank_marketing_full,repair,0.2,20260807,naive
race,Caucasian,19029,0.25917324663260566,0.11267013505701824,0.11314309737768669,diabetes_130us,clean,0.05,20260803,naive
race,AfricanAmerican,4820,0.27715355805243447,0.11618257261410789,0.11078838174273858,diabetes_130us,clean,0.05,20260803,naive
race,Other,350,0.34615384615384615,0.08285714285714285,0.07428571428571429,diabetes_130us,clean,0.05,20260803,naive
race,?,577,0.1346153846153846,0.05719237435008666,0.09012131715771231,diabetes_130us,clean,0.05,20260803,naive
race,Hispanic,518,0.38095238095238093,0.12162162162162163,0.12162162162162163,diabetes_130us,clean,0.05,20260803,naive
race,Asian,148,0.18181818181818182,0.06756756756756757,0.07432432432432433,diabetes_130us,clean,0.05,20260803,naive
gender,Female,13667,0.2812299807815503,0.11516792273359186,0.1142167264213068,diabetes_130us,clean,0.05,20260803,naive
gender,Male,11775,0.24178403755868544,0.10743099787685775,0.10853503184713376,diabetes_130us,clean,0.05,20260803,naive
race,Caucasian,19029,0.25592196934509986,0.11130379946397603,0.11314309737768669,diabetes_130us,corrupted,0.05,20260803,naive
race,AfricanAmerican,4820,0.2902621722846442,0.11742738589211618,0.11078838174273858,diabetes_130us,corrupted,0.05,20260803,naive
race,Other,350,0.34615384615384615,0.10285714285714286,0.07428571428571429,diabetes_130us,corrupted,0.05,20260803,naive
race,?,577,0.17307692307692307,0.058925476603119586,0.09012131715771231,diabetes_130us,corrupted,0.05,20260803,naive
race,Hispanic,518,0.3492063492063492,0.12548262548262548,0.12162162162162163,diabetes_130us,corrupted,0.05,20260803,naive
race,Asian,148,0.18181818181818182,0.13513513513513514,0.07432432432432433,diabetes_130us,corrupted,0.05,20260803,naive
gender,Female,13667,0.2703395259449071,0.11099729274895734,0.1142167264213068,diabetes_130us,corrupted,0.05,20260803,naive
gender,Male,11775,0.25508607198748046,0.11227176220806794,0.10853503184713376,diabetes_130us,corrupted,0.05,20260803,naive
race,Caucasian,19029,0.12401300510915002,0.10515528929528614,0.11314309737768669,diabetes_130us,quarantine,0.05,20260803,naive
race,AfricanAmerican,4820,0.15917602996254682,0.1338174273858921,0.11078838174273858,diabetes_130us,quarantine,0.05,20260803,naive
race,Other,350,0.07692307692307693,0.11714285714285715,0.07428571428571429,diabetes_130us,quarantine,0.05,20260803,naive
race,?,577,0.15384615384615385,0.14211438474870017,0.09012131715771231,diabetes_130us,quarantine,0.05,20260803,naive
race,Hispanic,518,0.09523809523809523,0.0945945945945946,0.12162162162162163,diabetes_130us,quarantine,0.05,20260803,naive
race,Asian,148,0.09090909090909091,0.14189189189189189,0.07432432432432433,diabetes_130us,quarantine,0.05,20260803,naive
gender,Female,13667,0.1185137732222934,0.108216872759201,0.1142167264213068,diabetes_130us,quarantine,0.05,20260803,naive
gender,Male,11775,0.14397496087636932,0.11549893842887474,0.10853503184713376,diabetes_130us,quarantine,0.05,20260803,naive
race,Caucasian,19029,0.25685090571295865,0.1120395186294603,0.11314309737768669,diabetes_130us,repair,0.05,20260803,naive
race,AfricanAmerican,4820,0.27153558052434457,0.11701244813278008,0.11078838174273858,diabetes_130us,repair,0.05,20260803,naive
race,Other,350,0.3076923076923077,0.08285714285714285,0.07428571428571429,diabetes_130us,repair,0.05,20260803,naive
race,?,577,0.1346153846153846,0.06412478336221837,0.09012131715771231,diabetes_130us,repair,0.05,20260803,naive
race,Hispanic,518,0.3492063492063492,0.12548262548262548,0.12162162162162163,diabetes_130us,repair,0.05,20260803,naive
race,Asian,148,0.18181818181818182,0.08108108108108109,0.07432432432432433,diabetes_130us,repair,0.05,20260803,naive
gender,Female,13667,0.27226137091607944,0.11509475378649302,0.1142167264213068,diabetes_130us,repair,0.05,20260803,naive
gender,Male,11775,0.24413145539906103,0.10751592356687899,0.10853503184713376,diabetes_130us,repair,0.05,20260803,naive
race,Caucasian,19029,0.25359962842545286,0.11277523779494456,0.11314309737768669,diabetes_130us,clean,0.05,20260804,naive
race,AfricanAmerican,4820,0.27715355805243447,0.11535269709543569,0.11078838174273858,diabetes_130us,clean,0.05,20260804,naive
race,Other,350,0.3076923076923077,0.09142857142857143,0.07428571428571429,diabetes_130us,clean,0.05,20260804,naive
race,?,577,0.1346153846153846,0.043327556325823226,0.09012131715771231,diabetes_130us,clean,0.05,20260804,naive
race,Hispanic,518,0.38095238095238093,0.12162162162162163,0.12162162162162163,diabetes_130us,clean,0.05,20260804,naive
race,Asian,148,0.0,0.11486486486486487,0.07432432432432433,diabetes_130us,clean,0.05,20260804,naive
gender,Female,13667,0.2607303010890455,0.10975342064827687,0.1142167264213068,diabetes_130us,clean,0.05,20260804,naive
gender,Male,11775,0.25508607198748046,0.11371549893842887,0.10853503184713376,diabetes_130us,clean,0.05,20260804,naive
race,Caucasian,19029,0.2596377148165351,0.11177676178464449,0.11314309737768669,diabetes_130us,corrupted,0.05,20260804,naive
race,AfricanAmerican,4820,0.26591760299625467,0.11742738589211618,0.11078838174273858,diabetes_130us,corrupted,0.05,20260804,naive
race,Other,350,0.34615384615384615,0.09714285714285714,0.07428571428571429,diabetes_130us,corrupted,0.05,20260804,naive
race,?,577,0.1346153846153846,0.053726169844020795,0.09012131715771231,diabetes_130us,corrupted,0.05,20260804,naive
race,Hispanic,518,0.4126984126984127,0.11776061776061776,0.12162162162162163,diabetes_130us,corrupted,0.05,20260804,naive
race,Asian,148,0.18181818181818182,0.13513513513513514,0.07432432432432433,diabetes_130us,corrupted,0.05,20260804,naive
gender,Female,13667,0.26713645099295324,0.10938757591278261,0.1142167264213068,diabetes_130us,corrupted,0.05,20260804,naive
gender,Male,11775,0.2566510172143975,0.11414012738853503,0.10853503184713376,diabetes_130us,corrupted,0.05,20260804,naive
race,Caucasian,19029,0.10543427775197399,0.10074097430238058,0.11314309737768669,diabetes_130us,quarantine,0.05,20260804,naive
race,AfricanAmerican,4820,0.1891385767790262,0.14937759336099585,0.11078838174273858,diabetes_130us,quarantine,0.05,20260804,naive
race,Other,350,0.15384615384615385,0.09142857142857143,0.07428571428571429,diabetes_130us,quarantine,0.05,20260804,naive
race,?,577,0.21153846153846154,0.1559792027729636,0.09012131715771231,diabetes_130us,quarantine,0.05,20260804,naive
race,Hispanic,518,0.14285714285714285,0.11583011583011583,0.12162162162162163,diabetes_130us,quarantine,0.05,20260804,naive
race,Asian,148,0.09090909090909091,0.13513513513513514,0.07432432432432433,diabetes_130us,quarantine,0.05,20260804,naive
gender,Female,13667,0.11018577834721333,0.09241238018584913,0.1142167264213068,diabetes_130us,quarantine,0.05,20260804,naive
gender,Male,11775,0.14162754303599373,0.1338428874734607,0.10853503184713376,diabetes_130us,quarantine,0.05,20260804,naive
race,Caucasian,19029,0.25359962842545286,0.11167165904671816,0.11314309737768669,diabetes_130us,repair,0.05,20260804,naive
race,AfricanAmerican,4820,0.2602996254681648,0.11867219917012448,0.11078838174273858,diabetes_130us,repair,0.05,20260804,naive
race,Other,350,0.34615384615384615,0.09428571428571429,0.07428571428571429,diabetes_130us,repair,0.05,20260804,naive
race,?,577,0.09615384615384616,0.05719237435008666,0.09012131715771231,diabetes_130us,repair,0.05,20260804,naive
race,Hispanic,518,0.38095238095238093,0.12934362934362933,0.12162162162162163,diabetes_130us,repair,0.05,20260804,naive
race,Asian,148,0.09090909090909091,0.060810810810810814,0.07432432432432433,diabetes_130us,repair,0.05,20260804,naive
gender,Female,13667,0.26649583600256244,0.1169239774639643,0.1142167264213068,diabetes_130us,repair,0.05,20260804,naive
gender,Male,11775,0.24100156494522693,0.10539278131634819,0.10853503184713376,diabetes_130us,repair,0.05,20260804,naive
race,Caucasian,19029,0.25824431026474687,0.11167165904671816,0.11314309737768669,diabetes_130us,clean,0.05,20260805,naive
race,AfricanAmerican,4820,0.2883895131086142,0.11825726141078838,0.11078838174273858,diabetes_130us,clean,0.05,20260805,naive
race,Other,350,0.34615384615384615,0.08857142857142856,0.07428571428571429,diabetes_130us,clean,0.05,20260805,naive
race,?,577,0.1346153846153846,0.04679376083188908,0.09012131715771231,diabetes_130us,clean,0.05,20260805,naive
race,Hispanic,518,0.3968253968253968,0.13320463320463322,0.12162162162162163,diabetes_130us,clean,0.05,20260805,naive
race,Asian,148,0.2727272727272727,0.11486486486486487,0.07432432432432433,diabetes_130us,clean,0.05,20260805,naive
gender,Female,13667,0.2716207559256887,0.11216799590253897,0.1142167264213068,diabetes_130us,clean,0.05,20260805,naive
gender,Male,11775,0.25821596244131456,0.11091295116772824,0.10853503184713376,diabetes_130us,clean,0.05,20260805,naive
race,Caucasian,19029,0.26010218300046445,0.11230227547427611,0.11314309737768669,diabetes_130us,corrupted,0.05,20260805,naive
race,AfricanAmerican,4820,0.27715355805243447,0.11493775933609958,0.11078838174273858,diabetes_130us,corrupted,0.05,20260805,naive
race,Other,350,0.3076923076923077,0.08285714285714285,0.07428571428571429,diabetes_130us,corrupted,0.05,20260805,naive
race,?,577,0.11538461538461539,0.04679376083188908,0.09012131715771231,diabetes_130us,corrupted,0.05,20260805,naive
race,Hispanic,518,0.4126984126984127,0.13320463320463322,0.12162162162162163,diabetes_130us,corrupted,0.05,20260805,naive
race,Asian,148,0.2727272727272727,0.1554054054054054,0.07432432432432433,diabetes_130us,corrupted,0.05,20260805,naive
gender,Female,13667,0.2767456758488149,0.11509475378649302,0.1142167264213068,diabetes_130us,corrupted,0.05,20260805,naive
gender,Male,11775,0.24960876369327073,0.10751592356687899,0.10853503184713376,diabetes_130us,corrupted,0.05,20260805,naive
race,Caucasian,19029,0.09150023223409197,0.08408219034105839,0.11314309737768669,diabetes_130us,quarantine,0.05,20260805,naive
race,AfricanAmerican,4820,0.2397003745318352,0.2029045643153527,0.11078838174273858,diabetes_130us,quarantine,0.05,20260805,naive
race,Other,350,0.07692307692307693,0.16285714285714287,0.07428571428571429,diabetes_130us,quarantine,0.05,20260805,naive
race,?,577,0.2692307692307692,0.1733102253032929,0.09012131715771231,diabetes_130us,quarantine,0.05,20260805,naive
race,Hispanic,518,0.20634920634920634,0.16602316602316602,0.12162162162162163,diabetes_130us,quarantine,0.05,20260805,naive
race,Asian,148,0.09090909090909091,0.12162162162162163,0.07432432432432433,diabetes_130us,quarantine,0.05,20260805,naive
gender,Female,13667,0.13516976297245356,0.11882637008853443,0.1142167264213068,diabetes_130us,quarantine,0.05,20260805,naive
gender,Male,11775,0.11267605633802817,0.10318471337579618,0.10853503184713376,diabetes_130us,quarantine,0.05,20260805,naive
race,Caucasian,19029,0.2517417556897353,0.11224972410531295,0.11314309737768669,diabetes_130us,repair,0.05,20260805,naive
race,AfricanAmerican,4820,0.2640449438202247,0.11556016597510374,0.11078838174273858,diabetes_130us,repair,0.05,20260805,naive
race,Other,350,0.3076923076923077,0.08,0.07428571428571429,diabetes_130us,repair,0.05,20260805,naive
race,?,577,0.15384615384615385,0.058925476603119586,0.09012131715771231,diabetes_130us,repair,0.05,20260805,naive
race,Hispanic,518,0.38095238095238093,0.13127413127413126,0.12162162162162163,diabetes_130us,repair,0.05,20260805,naive
race,Asian,148,0.36363636363636365,0.10810810810810811,0.07432432432432433,diabetes_130us,repair,0.05,20260805,naive
gender,Female,13667,0.2754644458680333,0.11568010536328382,0.1142167264213068,diabetes_130us,repair,0.05,20260805,naive
gender,Male,11775,0.2323943661971831,0.10683651804670913,0.10853503184713376,diabetes_130us,repair,0.05,20260805,naive
race,Caucasian,19029,0.25452856479331165,0.111619107677755,0.11314309737768669,diabetes_130us,clean,0.05,20260806,naive
race,AfricanAmerican,4820,0.27340823970037453,0.11825726141078838,0.11078838174273858,diabetes_130us,clean,0.05,20260806,naive
race,Other,350,0.34615384615384615,0.09142857142857143,0.07428571428571429,diabetes_130us,clean,0.05,20260806,naive
race,?,577,0.057692307692307696,0.04679376083188908,0.09012131715771231,diabetes_130us,clean,0.05,20260806,naive
race,Hispanic,518,0.38095238095238093,0.1274131274131274,0.12162162162162163,diabetes_130us,clean,0.05,20260806,naive
race,Asian,148,0.2727272727272727,0.13513513513513514,0.07432432432432433,diabetes_130us,clean,0.05,20260806,naive
gender,Female,13667,0.26137091607943624,0.10865588644179411,0.1142167264213068,diabetes_130us,clean,0.05,20260806,naive
gender,Male,11775,0.2543035993740219,0.11498938428874735,0.10853503184713376,diabetes_130us,clean,0.05,20260806,naive
race,Caucasian,19029,0.2587087784486763,0.11288034053287088,0.11314309737768669,diabetes_130us,corrupted,0.05,20260806,naive
race,AfricanAmerican,4820,0.2696629213483146,0.11410788381742738,0.11078838174273858,diabetes_130us,corrupted,0.05,20260806,naive
race,Other,350,0.38461538461538464,0.09142857142857143,0.07428571428571429,diabetes_130us,corrupted,0.05,20260806,naive
race,?,577,0.17307692307692307,0.045060658578856154,0.09012131715771231,diabetes_130us,corrupted,0.05,20260806,naive
race,Hispanic,518,0.3968253968253968,0.1138996138996139,0.12162162162162163,diabetes_130us,corrupted,0.05,20260806,naive
race,Asian,148,0.18181818181818182,0.16216216216216217,0.07432432432432433,diabetes_130us,corrupted,0.05,20260806,naive
gender,Female,13667,0.2703395259449071,0.11238750274383552,0.1142167264213068,diabetes_130us,corrupted,0.05,20260806,naive
gender,Male,11775,0.2543035993740219,0.11065817409766454,0.10853503184713376,diabetes_130us,corrupted,0.05,20260806,naive
race,Caucasian,19029,0.12308406874129123,0.09369909086131693,0.11314309737768669,diabetes_130us,quarantine,0.05,20260806,naive
race,AfricanAmerican,4820,0.24906367041198502,0.19481327800829876,0.11078838174273858,diabetes_130us,quarantine,0.05,20260806,naive
race,Other,350,0.0,0.017142857142857144,0.07428571428571429,diabetes_130us,quarantine,0.05,20260806,naive
race,?,577,0.17307692307692307,0.09358752166377816,0.09012131715771231,diabetes_130us,quarantine,0.05,20260806,naive
race,Hispanic,518,0.09523809523809523,0.08494208494208494,0.12162162162162163,diabetes_130us,quarantine,0.05,20260806,naive
race,Asian,148,0.0,0.08783783783783784,0.07432432432432433,diabetes_130us,quarantine,0.05,20260806,naive
gender,Female,13667,0.14221652786675207,0.1090949001243872,0.1142167264213068,diabetes_130us,quarantine,0.05,20260806,naive
gender,Male,11775,0.14945226917057902,0.11447983014861995,0.10853503184713376,diabetes_130us,quarantine,0.05,20260806,naive
race,Caucasian,19029,0.25127728750580586,0.11219717273634978,0.11314309737768669,diabetes_130us,repair,0.05,20260806,naive
race,AfricanAmerican,4820,0.26779026217228463,0.11597510373443984,0.11078838174273858,diabetes_130us,repair,0.05,20260806,naive
race,Other,350,0.38461538461538464,0.09142857142857143,0.07428571428571429,diabetes_130us,repair,0.05,20260806,naive
race,?,577,0.11538461538461539,0.060658578856152515,0.09012131715771231,diabetes_130us,repair,0.05,20260806,naive
race,Hispanic,518,0.4126984126984127,0.12548262548262548,0.12162162162162163,diabetes_130us,repair,0.05,20260806,naive
race,Asian,148,0.2727272727272727,0.08783783783783784,0.07432432432432433,diabetes_130us,repair,0.05,20260806,naive
gender,Female,13667,0.27226137091607944,0.11546059852198727,0.1142167264213068,diabetes_130us,repair,0.05,20260806,naive
gender,Male,11775,0.2378716744913928,0.10709129511677283,0.10853503184713376,diabetes_130us,repair,0.05,20260806,naive
race,Caucasian,19029,0.25824431026474687,0.11256503231909191,0.11314309737768669,diabetes_130us,clean,0.05,20260807,naive
race,AfricanAmerican,4820,0.27902621722846443,0.11597510373443984,0.11078838174273858,diabetes_130us,clean,0.05,20260807,naive
race,Other,350,0.3076923076923077,0.09428571428571429,0.07428571428571429,diabetes_130us,clean,0.05,20260807,naive
race,?,577,0.11538461538461539,0.05199306759098787,0.09012131715771231,diabetes_130us,clean,0.05,20260807,naive
race,Hispanic,518,0.38095238095238093,0.11969111969111969,0.12162162162162163,diabetes_130us,clean,0.05,20260807,naive
race,Asian,148,0.18181818181818182,0.08783783783783784,0.07432432432432433,diabetes_130us,clean,0.05,20260807,naive
gender,Female,13667,0.25816784112748237,0.1055096217165435,0.1142167264213068,diabetes_130us,clean,0.05,20260807,naive
gender,Male,11775,0.2676056338028169,0.11864118895966029,0.10853503184713376,diabetes_130us,clean,0.05,20260807,naive
race,Caucasian,19029,0.25545750116117044,0.11209206999842346,0.11314309737768669,diabetes_130us,corrupted,0.05,20260807,naive
race,AfricanAmerican,4820,0.2640449438202247,0.11514522821576763,0.11078838174273858,diabetes_130us,corrupted,0.05,20260807,naive
race,Other,350,0.3076923076923077,0.08857142857142856,0.07428571428571429,diabetes_130us,corrupted,0.05,20260807,naive
race,?,577,0.17307692307692307,0.05199306759098787,0.09012131715771231,diabetes_130us,corrupted,0.05,20260807,naive
race,Hispanic,518,0.4126984126984127,0.13513513513513514,0.12162162162162163,diabetes_130us,corrupted,0.05,20260807,naive
race,Asian,148,0.2727272727272727,0.13513513513513514,0.07432432432432433,diabetes_130us,corrupted,0.05,20260807,naive
gender,Female,13667,0.26137091607943624,0.10843637960049755,0.1142167264213068,diabetes_130us,corrupted,0.05,20260807,naive
gender,Male,11775,0.257433489827856,0.11524416135881103,0.10853503184713376,diabetes_130us,corrupted,0.05,20260807,naive
race,Caucasian,19029,0.14212726428239666,0.11661148772925535,0.11314309737768669,diabetes_130us,quarantine,0.05,20260807,naive
race,AfricanAmerican,4820,0.1254681647940075,0.10103734439834025,0.11078838174273858,diabetes_130us,quarantine,0.05,20260807,naive
race,Other,350,0.038461538461538464,0.05714285714285714,0.07428571428571429,diabetes_130us,quarantine,0.05,20260807,naive
race,?,577,0.057692307692307696,0.09705372616984402,0.09012131715771231,diabetes_130us,quarantine,0.05,20260807,naive
race,Hispanic,518,0.07936507936507936,0.0888030888030888,0.12162162162162163,diabetes_130us,quarantine,0.05,20260807,naive
race,Asian,148,0.09090909090909091,0.07432432432432433,0.07432432432432433,diabetes_130us,quarantine,0.05,20260807,naive
gender,Female,13667,0.14221652786675207,0.12124094534279652,0.1142167264213068,diabetes_130us,quarantine,0.05,20260807,naive
gender,Male,11775,0.12597809076682315,0.10038216560509554,0.10853503184713376,diabetes_130us,quarantine,0.05,20260807,naive
race,Caucasian,19029,0.25081281932187643,0.1106731830364181,0.11314309737768669,diabetes_130us,repair,0.05,20260807,naive
race,AfricanAmerican,4820,0.2808988764044944,0.12240663900414937,0.11078838174273858,diabetes_130us,repair,0.05,20260807,naive
race,Other,350,0.3076923076923077,0.08,0.07428571428571429,diabetes_130us,repair,0.05,20260807,naive
race,?,577,0.11538461538461539,0.060658578856152515,0.09012131715771231,diabetes_130us,repair,0.05,20260807,naive
race,Hispanic,518,0.4444444444444444,0.13513513513513514,0.12162162162162163,diabetes_130us,repair,0.05,20260807,naive
race,Asian,148,0.18181818181818182,0.06756756756756757,0.07432432432432433,diabetes_130us,repair,0.05,20260807,naive
gender,Female,13667,0.273542600896861,0.11560693641618497,0.1142167264213068,diabetes_130us,repair,0.05,20260807,naive
gender,Male,11775,0.24021909233176839,0.10692144373673036,0.10853503184713376,diabetes_130us,repair,0.05,20260807,naive
race,Caucasian,19029,0.25917324663260566,0.11267013505701824,0.11314309737768669,diabetes_130us,clean,0.1,20260803,naive
race,AfricanAmerican,4820,0.27715355805243447,0.11618257261410789,0.11078838174273858,diabetes_130us,clean,0.1,20260803,naive
race,Other,350,0.34615384615384615,0.08285714285714285,0.07428571428571429,diabetes_130us,clean,0.1,20260803,naive
race,?,577,0.1346153846153846,0.05719237435008666,0.09012131715771231,diabetes_130us,clean,0.1,20260803,naive
race,Hispanic,518,0.38095238095238093,0.12162162162162163,0.12162162162162163,diabetes_130us,clean,0.1,20260803,naive
race,Asian,148,0.18181818181818182,0.06756756756756757,0.07432432432432433,diabetes_130us,clean,0.1,20260803,naive
gender,Female,13667,0.2812299807815503,0.11516792273359186,0.1142167264213068,diabetes_130us,clean,0.1,20260803,naive
gender,Male,11775,0.24178403755868544,0.10743099787685775,0.10853503184713376,diabetes_130us,clean,0.1,20260803,naive
race,Caucasian,19029,0.25592196934509986,0.11109359398812339,0.11314309737768669,diabetes_130us,corrupted,0.1,20260803,naive
race,AfricanAmerican,4820,0.2696629213483146,0.11410788381742738,0.11078838174273858,diabetes_130us,corrupted,0.1,20260803,naive
race,Other,350,0.3076923076923077,0.07714285714285714,0.07428571428571429,diabetes_130us,corrupted,0.1,20260803,naive
race,?,577,0.25,0.09878682842287695,0.09012131715771231,diabetes_130us,corrupted,0.1,20260803,naive
race,Hispanic,518,0.3968253968253968,0.12355212355212356,0.12162162162162163,diabetes_130us,corrupted,0.1,20260803,naive
race,Asian,148,0.36363636363636365,0.18243243243243243,0.07432432432432433,diabetes_130us,corrupted,0.1,20260803,naive
gender,Female,13667,0.2716207559256887,0.11238750274383552,0.1142167264213068,diabetes_130us,corrupted,0.1,20260803,naive
gender,Male,11775,0.2511737089201878,0.11065817409766454,0.10853503184713376,diabetes_130us,corrupted,0.1,20260803,naive
race,Caucasian,19029,0.14862981885740828,0.11487729255347101,0.11314309737768669,diabetes_130us,quarantine,0.1,20260803,naive
race,AfricanAmerican,4820,0.14606741573033707,0.1074688796680498,0.11078838174273858,diabetes_130us,quarantine,0.1,20260803,naive
race,Other,350,0.0,0.08,0.07428571428571429,diabetes_130us,quarantine,0.1,20260803,naive
race,?,577,0.23076923076923078,0.10051993067590988,0.09012131715771231,diabetes_130us,quarantine,0.1,20260803,naive
race,Hispanic,518,0.1111111111111111,0.07335907335907337,0.12162162162162163,diabetes_130us,quarantine,0.1,20260803,naive
race,Asian,148,0.0,0.07432432432432433,0.07432432432432433,diabetes_130us,quarantine,0.1,20260803,naive
gender,Female,13667,0.1364509929532351,0.1090949001243872,0.1142167264213068,diabetes_130us,quarantine,0.1,20260803,naive
gender,Male,11775,0.1596244131455399,0.11447983014861995,0.10853503184713376,diabetes_130us,quarantine,0.1,20260803,naive
race,Caucasian,19029,0.24523920111472364,0.11209206999842346,0.11314309737768669,diabetes_130us,repair,0.1,20260803,naive
race,AfricanAmerican,4820,0.26217228464419473,0.11597510373443984,0.11078838174273858,diabetes_130us,repair,0.1,20260803,naive
race,Other,350,0.34615384615384615,0.09142857142857143,0.07428571428571429,diabetes_130us,repair,0.1,20260803,naive
race,?,577,0.15384615384615385,0.06759098786828423,0.09012131715771231,diabetes_130us,repair,0.1,20260803,naive
race,Hispanic,518,0.3968253968253968,0.1274131274131274,0.12162162162162163,diabetes_130us,repair,0.1,20260803,naive
race,Asian,148,0.09090909090909091,0.06756756756756757,0.07432432432432433,diabetes_130us,repair,0.1,20260803,naive
gender,Female,13667,0.26521460602178093,0.11663130167556889,0.1142167264213068,diabetes_130us,repair,0.1,20260803,naive
gender,Male,11775,0.2323943661971831,0.10573248407643313,0.10853503184713376,diabetes_130us,repair,0.1,20260803,naive
race,Caucasian,19029,0.25359962842545286,0.11277523779494456,0.11314309737768669,diabetes_130us,clean,0.1,20260804,naive
race,AfricanAmerican,4820,0.27715355805243447,0.11535269709543569,0.11078838174273858,diabetes_130us,clean,0.1,20260804,naive
race,Other,350,0.3076923076923077,0.09142857142857143,0.07428571428571429,diabetes_130us,clean,0.1,20260804,naive
race,?,577,0.1346153846153846,0.043327556325823226,0.09012131715771231,diabetes_130us,clean,0.1,20260804,naive
race,Hispanic,518,0.38095238095238093,0.12162162162162163,0.12162162162162163,diabetes_130us,clean,0.1,20260804,naive
race,Asian,148,0.0,0.11486486486486487,0.07432432432432433,diabetes_130us,clean,0.1,20260804,naive
gender,Female,13667,0.2607303010890455,0.10975342064827687,0.1142167264213068,diabetes_130us,clean,0.1,20260804,naive
gender,Male,11775,0.25508607198748046,0.11371549893842887,0.10853503184713376,diabetes_130us,clean,0.1,20260804,naive
race,Caucasian,19029,0.2517417556897353,0.11030532345367597,0.11314309737768669,diabetes_130us,corrupted,0.1,20260804,naive
race,AfricanAmerican,4820,0.27902621722846443,0.12572614107883817,0.11078838174273858,diabetes_130us,corrupted,0.1,20260804,naive
race,Other,350,0.2692307692307692,0.09142857142857143,0.07428571428571429,diabetes_130us,corrupted,0.1,20260804,naive
race,?,577,0.09615384615384616,0.04679376083188908,0.09012131715771231,diabetes_130us,corrupted,0.1,20260804,naive
race,Hispanic,518,0.36507936507936506,0.12162162162162163,0.12162162162162163,diabetes_130us,corrupted,0.1,20260804,naive
race,Asian,148,0.0,0.08108108108108109,0.07432432432432433,diabetes_130us,corrupted,0.1,20260804,naive
gender,Female,13667,0.26329276105060856,0.11289968537352747,0.1142167264213068,diabetes_130us,corrupted,0.1,20260804,naive
gender,Male,11775,0.24647887323943662,0.11006369426751593,0.10853503184713376,diabetes_130us,corrupted,0.1,20260804,naive
race,Caucasian,19029,0.14352066883418485,0.13269220663198275,0.11314309737768669,diabetes_130us,quarantine,0.1,20260804,naive
race,AfricanAmerican,4820,0.05056179775280899,0.047925311203319505,0.11078838174273858,diabetes_130us,quarantine,0.1,20260804,naive
race,Other,350,0.038461538461538464,0.04285714285714286,0.07428571428571429,diabetes_130us,quarantine,0.1,20260804,naive
race,?,577,0.057692307692307696,0.0415944540727903,0.09012131715771231,diabetes_130us,quarantine,0.1,20260804,naive
race,Hispanic,518,0.06349206349206349,0.06177606177606178,0.12162162162162163,diabetes_130us,quarantine,0.1,20260804,naive
race,Asian,148,0.0,0.08108108108108109,0.07432432432432433,diabetes_130us,quarantine,0.1,20260804,naive
gender,Female,13667,0.1159513132607303,0.10989975854247458,0.1142167264213068,diabetes_130us,quarantine,0.1,20260804,naive
gender,Male,11775,0.12754303599374023,0.1135456475583864,0.10853503184713376,diabetes_130us,quarantine,0.1,20260804,naive
race,Caucasian,19029,0.2517417556897353,0.11377371380524463,0.11314309737768669,diabetes_130us,repair,0.1,20260804,naive
race,AfricanAmerican,4820,0.2397003745318352,0.11265560165975104,0.11078838174273858,diabetes_130us,repair,0.1,20260804,naive
race,Other,350,0.23076923076923078,0.08857142857142856,0.07428571428571429,diabetes_130us,repair,0.1,20260804,naive
race,?,577,0.019230769230769232,0.053726169844020795,0.09012131715771231,diabetes_130us,repair,0.1,20260804,naive
race,Hispanic,518,0.3492063492063492,0.11776061776061776,0.12162162162162163,diabetes_130us,repair,0.1,20260804,naive
race,Asian,148,0.09090909090909091,0.05405405405405406,0.07432432432432433,diabetes_130us,repair,0.1,20260804,naive
gender,Female,13667,0.26137091607943624,0.11553376746908613,0.1142167264213068,diabetes_130us,repair,0.1,20260804,naive
gender,Male,11775,0.22848200312989045,0.1070063694267516,0.10853503184713376,diabetes_130us,repair,0.1,20260804,naive
race,Caucasian,19029,0.25824431026474687,0.11167165904671816,0.11314309737768669,diabetes_130us,clean,0.1,20260805,naive
race,AfricanAmerican,4820,0.2883895131086142,0.11825726141078838,0.11078838174273858,diabetes_130us,clean,0.1,20260805,naive
race,Other,350,0.34615384615384615,0.08857142857142856,0.07428571428571429,diabetes_130us,clean,0.1,20260805,naive
race,?,577,0.1346153846153846,0.04679376083188908,0.09012131715771231,diabetes_130us,clean,0.1,20260805,naive
race,Hispanic,518,0.3968253968253968,0.13320463320463322,0.12162162162162163,diabetes_130us,clean,0.1,20260805,naive
race,Asian,148,0.2727272727272727,0.11486486486486487,0.07432432432432433,diabetes_130us,clean,0.1,20260805,naive
gender,Female,13667,0.2716207559256887,0.11216799590253897,0.1142167264213068,diabetes_130us,clean,0.1,20260805,naive
gender,Male,11775,0.25821596244131456,0.11091295116772824,0.10853503184713376,diabetes_130us,clean,0.1,20260805,naive
race,Caucasian,19029,0.26242452392011145,0.11146145357086552,0.11314309737768669,diabetes_130us,corrupted,0.1,20260805,naive
race,AfricanAmerican,4820,0.2808988764044944,0.11804979253112033,0.11078838174273858,diabetes_130us,corrupted,0.1,20260805,naive
race,Other,350,0.3076923076923077,0.08857142857142856,0.07428571428571429,diabetes_130us,corrupted,0.1,20260805,naive
race,?,577,0.1346153846153846,0.04852686308492201,0.09012131715771231,diabetes_130us,corrupted,0.1,20260805,naive
race,Hispanic,518,0.38095238095238093,0.12934362934362933,0.12162162162162163,diabetes_130us,corrupted,0.1,20260805,naive
race,Asian,148,0.2727272727272727,0.1554054054054054,0.07432432432432433,diabetes_130us,corrupted,0.1,20260805,naive
gender,Female,13667,0.27610506085842407,0.11077778590766078,0.1142167264213068,diabetes_130us,corrupted,0.1,20260805,naive
gender,Male,11775,0.25508607198748046,0.11252653927813164,0.10853503184713376,diabetes_130us,corrupted,0.1,20260805,naive
race,Caucasian,19029,0.15466790524849047,0.1228125492669084,0.11314309737768669,diabetes_130us,quarantine,0.1,20260805,naive
race,AfricanAmerican,4820,0.12172284644194757,0.08174273858921162,0.11078838174273858,diabetes_130us,quarantine,0.1,20260805,naive
race,Other,350,0.038461538461538464,0.06,0.07428571428571429,diabetes_130us,quarantine,0.1,20260805,naive
race,?,577,0.11538461538461539,0.08145580589254767,0.09012131715771231,diabetes_130us,quarantine,0.1,20260805,naive
race,Hispanic,518,0.1111111111111111,0.059845559845559844,0.12162162162162163,diabetes_130us,quarantine,0.1,20260805,naive
race,Asian,148,0.0,0.060810810810810814,0.07432432432432433,diabetes_130us,quarantine,0.1,20260805,naive
gender,Female,13667,0.15502882767456758,0.11487524694519646,0.1142167264213068,diabetes_130us,quarantine,0.1,20260805,naive
gender,Male,11775,0.13302034428794993,0.10777070063694268,0.10853503184713376,diabetes_130us,quarantine,0.1,20260805,naive
race,Caucasian,19029,0.2540640966093823,0.1120395186294603,0.11314309737768669,diabetes_130us,repair,0.1,20260805,naive
race,AfricanAmerican,4820,0.26591760299625467,0.11846473029045643,0.11078838174273858,diabetes_130us,repair,0.1,20260805,naive
race,Other,350,0.3076923076923077,0.08857142857142856,0.07428571428571429,diabetes_130us,repair,0.1,20260805,naive
race,?,577,0.11538461538461539,0.05545927209705372,0.09012131715771231,diabetes_130us,repair,0.1,20260805,naive
race,Hispanic,518,0.4126984126984127,0.12548262548262548,0.12162162162162163,diabetes_130us,repair,0.1,20260805,naive
race,Asian,148,0.09090909090909091,0.05405405405405406,0.07432432432432433,diabetes_130us,repair,0.1,20260805,naive
gender,Female,13667,0.2786675208199872,0.11758249798785396,0.1142167264213068,diabetes_130us,repair,0.1,20260805,naive
gender,Male,11775,0.23082942097026604,0.10462845010615711,0.10853503184713376,diabetes_130us,repair,0.1,20260805,naive
race,Caucasian,19029,0.25452856479331165,0.111619107677755,0.11314309737768669,diabetes_130us,clean,0.1,20260806,naive
race,AfricanAmerican,4820,0.27340823970037453,0.11825726141078838,0.11078838174273858,diabetes_130us,clean,0.1,20260806,naive
race,Other,350,0.34615384615384615,0.09142857142857143,0.07428571428571429,diabetes_130us,clean,0.1,20260806,naive
race,?,577,0.057692307692307696,0.04679376083188908,0.09012131715771231,diabetes_130us,clean,0.1,20260806,naive
race,Hispanic,518,0.38095238095238093,0.1274131274131274,0.12162162162162163,diabetes_130us,clean,0.1,20260806,naive
race,Asian,148,0.2727272727272727,0.13513513513513514,0.07432432432432433,diabetes_130us,clean,0.1,20260806,naive
gender,Female,13667,0.26137091607943624,0.10865588644179411,0.1142167264213068,diabetes_130us,clean,0.1,20260806,naive
gender,Male,11775,0.2543035993740219,0.11498938428874735,0.10853503184713376,diabetes_130us,clean,0.1,20260806,naive
race,Caucasian,19029,0.24988388295401764,0.11193441589153398,0.11314309737768669,diabetes_130us,corrupted,0.1,20260806,naive
race,AfricanAmerican,4820,0.29213483146067415,0.11535269709543569,0.11078838174273858,diabetes_130us,corrupted,0.1,20260806,naive
race,Other,350,0.34615384615384615,0.10285714285714286,0.07428571428571429,diabetes_130us,corrupted,0.1,20260806,naive
race,?,577,0.07692307692307693,0.05199306759098787,0.09012131715771231,diabetes_130us,corrupted,0.1,20260806,naive
race,Hispanic,518,0.4126984126984127,0.12355212355212356,0.12162162162162163,diabetes_130us,corrupted,0.1,20260806,naive
race,Asian,148,0.2727272727272727,0.1554054054054054,0.07432432432432433,diabetes_130us,corrupted,0.1,20260806,naive
gender,Female,13667,0.2703395259449071,0.11041194117216653,0.1142167264213068,diabetes_130us,corrupted,0.1,20260806,naive
gender,Male,11775,0.24569640062597808,0.1129511677282378,0.10853503184713376,diabetes_130us,corrupted,0.1,20260806,naive
race,Caucasian,19029,0.12169066418950301,0.09895422775763309,0.11314309737768669,diabetes_130us,quarantine,0.1,20260806,naive
race,AfricanAmerican,4820,0.1704119850187266,0.14813278008298755,0.11078838174273858,diabetes_130us,quarantine,0.1,20260806,naive
race,Other,350,0.23076923076923078,0.15142857142857144,0.07428571428571429,diabetes_130us,quarantine,0.1,20260806,naive
race,?,577,0.19230769230769232,0.15771230502599654,0.09012131715771231,diabetes_130us,quarantine,0.1,20260806,naive
race,Hispanic,518,0.14285714285714285,0.15057915057915058,0.12162162162162163,diabetes_130us,quarantine,0.1,20260806,naive
race,Asian,148,0.0,0.13513513513513514,0.07432432432432433,diabetes_130us,quarantine,0.1,20260806,naive
gender,Female,13667,0.1133888532991672,0.0990707543718446,0.1142167264213068,diabetes_130us,quarantine,0.1,20260806,naive
gender,Male,11775,0.1572769953051643,0.12611464968152866,0.10853503184713376,diabetes_130us,quarantine,0.1,20260806,naive
race,Caucasian,19029,0.25824431026474687,0.11214462136738662,0.11314309737768669,diabetes_130us,repair,0.1,20260806,naive
race,AfricanAmerican,4820,0.26779026217228463,0.11721991701244813,0.11078838174273858,diabetes_130us,repair,0.1,20260806,naive
race,Other,350,0.3076923076923077,0.10285714285714286,0.07428571428571429,diabetes_130us,repair,0.1,20260806,naive
race,?,577,0.038461538461538464,0.04852686308492201,0.09012131715771231,diabetes_130us,repair,0.1,20260806,naive
race,Hispanic,518,0.38095238095238093,0.13320463320463322,0.12162162162162163,diabetes_130us,repair,0.1,20260806,naive
race,Asian,148,0.2727272727272727,0.060810810810810814,0.07432432432432433,diabetes_130us,repair,0.1,20260806,naive
gender,Female,13667,0.27994875080076875,0.11714348430526085,0.1142167264213068,diabetes_130us,repair,0.1,20260806,naive
gender,Male,11775,0.23395931142410015,0.10530785562632697,0.10853503184713376,diabetes_130us,repair,0.1,20260806,naive
race,Caucasian,19029,0.25824431026474687,0.11256503231909191,0.11314309737768669,diabetes_130us,clean,0.1,20260807,naive
race,AfricanAmerican,4820,0.27902621722846443,0.11597510373443984,0.11078838174273858,diabetes_130us,clean,0.1,20260807,naive
race,Other,350,0.3076923076923077,0.09428571428571429,0.07428571428571429,diabetes_130us,clean,0.1,20260807,naive
race,?,577,0.11538461538461539,0.05199306759098787,0.09012131715771231,diabetes_130us,clean,0.1,20260807,naive
race,Hispanic,518,0.38095238095238093,0.11969111969111969,0.12162162162162163,diabetes_130us,clean,0.1,20260807,naive
race,Asian,148,0.18181818181818182,0.08783783783783784,0.07432432432432433,diabetes_130us,clean,0.1,20260807,naive
gender,Female,13667,0.25816784112748237,0.1055096217165435,0.1142167264213068,diabetes_130us,clean,0.1,20260807,naive
gender,Male,11775,0.2676056338028169,0.11864118895966029,0.10853503184713376,diabetes_130us,clean,0.1,20260807,naive
race,Caucasian,19029,0.26010218300046445,0.11256503231909191,0.11314309737768669,diabetes_130us,corrupted,0.1,20260807,naive
race,AfricanAmerican,4820,0.26779026217228463,0.11514522821576763,0.11078838174273858,diabetes_130us,corrupted,0.1,20260807,naive
race,Other,350,0.23076923076923078,0.08285714285714285,0.07428571428571429,diabetes_130us,corrupted,0.1,20260807,naive
race,?,577,0.057692307692307696,0.04679376083188908,0.09012131715771231,diabetes_130us,corrupted,0.1,20260807,naive
race,Hispanic,518,0.4444444444444444,0.13320463320463322,0.12162162162162163,diabetes_130us,corrupted,0.1,20260807,naive
race,Asian,148,0.09090909090909091,0.11486486486486487,0.07432432432432433,diabetes_130us,corrupted,0.1,20260807,naive
gender,Female,13667,0.2607303010890455,0.10785102802370673,0.1142167264213068,diabetes_130us,corrupted,0.1,20260807,naive
gender,Male,11775,0.26134585289514867,0.1159235668789809,0.10853503184713376,diabetes_130us,corrupted,0.1,20260807,naive
race,Caucasian,19029,0.11936832326985601,0.10662672762625466,0.11314309737768669,diabetes_130us,quarantine,0.1,20260807,naive
race,AfricanAmerican,4820,0.13857677902621723,0.1275933609958506,0.11078838174273858,diabetes_130us,quarantine,0.1,20260807,naive
race,Other,350,0.11538461538461539,0.11428571428571428,0.07428571428571429,diabetes_130us,quarantine,0.1,20260807,naive
race,?,577,0.1346153846153846,0.1265164644714038,0.09012131715771231,diabetes_130us,quarantine,0.1,20260807,naive
race,Hispanic,518,0.15873015873015872,0.12355212355212356,0.12162162162162163,diabetes_130us,quarantine,0.1,20260807,naive
race,Asian,148,0.0,0.12162162162162163,0.07432432432432433,diabetes_130us,quarantine,0.1,20260807,naive
gender,Female,13667,0.06854580397181294,0.06607155923026267,0.1142167264213068,diabetes_130us,quarantine,0.1,20260807,naive
gender,Male,11775,0.19092331768388107,0.16441613588110404,0.10853503184713376,diabetes_130us,quarantine,0.1,20260807,naive
race,Caucasian,19029,0.25034835113794707,0.11035787482263913,0.11314309737768669,diabetes_130us,repair,0.1,20260807,naive
race,AfricanAmerican,4820,0.2808988764044944,0.12510373443983402,0.11078838174273858,diabetes_130us,repair,0.1,20260807,naive
race,Other,350,0.23076923076923078,0.09428571428571429,0.07428571428571429,diabetes_130us,repair,0.1,20260807,naive
race,?,577,0.11538461538461539,0.043327556325823226,0.09012131715771231,diabetes_130us,repair,0.1,20260807,naive
race,Hispanic,518,0.4126984126984127,0.13127413127413126,0.12162162162162163,diabetes_130us,repair,0.1,20260807,naive
race,Asian,148,0.18181818181818182,0.06756756756756757,0.07432432432432433,diabetes_130us,repair,0.1,20260807,naive
gender,Female,13667,0.2716207559256887,0.11611911904587693,0.1142167264213068,diabetes_130us,repair,0.1,20260807,naive
gender,Male,11775,0.23865414710485133,0.10632696390658174,0.10853503184713376,diabetes_130us,repair,0.1,20260807,naive
race,Caucasian,19029,0.25917324663260566,0.11267013505701824,0.11314309737768669,diabetes_130us,clean,0.2,20260803,naive
race,AfricanAmerican,4820,0.27715355805243447,0.11618257261410789,0.11078838174273858,diabetes_130us,clean,0.2,20260803,naive
race,Other,350,0.34615384615384615,0.08285714285714285,0.07428571428571429,diabetes_130us,clean,0.2,20260803,naive
race,?,577,0.1346153846153846,0.05719237435008666,0.09012131715771231,diabetes_130us,clean,0.2,20260803,naive
race,Hispanic,518,0.38095238095238093,0.12162162162162163,0.12162162162162163,diabetes_130us,clean,0.2,20260803,naive
race,Asian,148,0.18181818181818182,0.06756756756756757,0.07432432432432433,diabetes_130us,clean,0.2,20260803,naive
gender,Female,13667,0.2812299807815503,0.11516792273359186,0.1142167264213068,diabetes_130us,clean,0.2,20260803,naive
gender,Male,11775,0.24178403755868544,0.10743099787685775,0.10853503184713376,diabetes_130us,clean,0.2,20260803,naive
race,Caucasian,19029,0.2549930329772411,0.1120395186294603,0.11314309737768669,diabetes_130us,corrupted,0.2,20260803,naive
race,AfricanAmerican,4820,0.27715355805243447,0.11950207468879669,0.11078838174273858,diabetes_130us,corrupted,0.2,20260803,naive
race,Other,350,0.3076923076923077,0.09142857142857143,0.07428571428571429,diabetes_130us,corrupted,0.2,20260803,naive
race,?,577,0.11538461538461539,0.043327556325823226,0.09012131715771231,diabetes_130us,corrupted,0.2,20260803,naive
race,Hispanic,518,0.36507936507936506,0.12934362934362933,0.12162162162162163,diabetes_130us,corrupted,0.2,20260803,naive
race,Asian,148,0.0,0.0472972972972973,0.07432432432432433,diabetes_130us,corrupted,0.2,20260803,naive
gender,Female,13667,0.27418321588725175,0.11619228799297578,0.1142167264213068,diabetes_130us,corrupted,0.2,20260803,naive
gender,Male,11775,0.23943661971830985,0.1062420382165605,0.10853503184713376,diabetes_130us,corrupted,0.2,20260803,naive
race,Caucasian,19029,0.107756618671621,0.10389405644017026,0.11314309737768669,diabetes_130us,quarantine,0.2,20260803,naive
race,AfricanAmerican,4820,0.15730337078651685,0.13526970954356846,0.11078838174273858,diabetes_130us,quarantine,0.2,20260803,naive
race,Other,350,0.15384615384615385,0.12285714285714286,0.07428571428571429,diabetes_130us,quarantine,0.2,20260803,naive
race,?,577,0.19230769230769232,0.16984402079722705,0.09012131715771231,diabetes_130us,quarantine,0.2,20260803,naive
race,Hispanic,518,0.14285714285714285,0.09652509652509653,0.12162162162162163,diabetes_130us,quarantine,0.2,20260803,naive
race,Asian,148,0.09090909090909091,0.12837837837837837,0.07432432432432433,diabetes_130us,quarantine,0.2,20260803,naive
gender,Female,13667,0.11146700832799487,0.10858271749469525,0.1142167264213068,diabetes_130us,quarantine,0.2,20260803,naive
gender,Male,11775,0.1298904538341158,0.11507430997876858,0.10853503184713376,diabetes_130us,quarantine,0.2,20260803,naive
race,Caucasian,19029,0.24663260566651185,0.1106731830364181,0.11314309737768669,diabetes_130us,repair,0.2,20260803,naive
race,AfricanAmerican,4820,0.25842696629213485,0.12448132780082988,0.11078838174273858,diabetes_130us,repair,0.2,20260803,naive
race,Other,350,0.34615384615384615,0.08571428571428572,0.07428571428571429,diabetes_130us,repair,0.2,20260803,naive
race,?,577,0.15384615384615385,0.058925476603119586,0.09012131715771231,diabetes_130us,repair,0.2,20260803,naive
race,Hispanic,518,0.4444444444444444,0.11969111969111969,0.12162162162162163,diabetes_130us,repair,0.2,20260803,naive
race,Asian,148,0.0,0.0472972972972973,0.07432432432432433,diabetes_130us,repair,0.2,20260803,naive
gender,Female,13667,0.25944907110826393,0.1140703885271091,0.1142167264213068,diabetes_130us,repair,0.2,20260803,naive
gender,Male,11775,0.24178403755868544,0.10870488322717622,0.10853503184713376,diabetes_130us,repair,0.2,20260803,naive
race,Caucasian,19029,0.25359962842545286,0.11277523779494456,0.11314309737768669,diabetes_130us,clean,0.2,20260804,naive
race,AfricanAmerican,4820,0.27715355805243447,0.11535269709543569,0.11078838174273858,diabetes_130us,clean,0.2,20260804,naive
race,Other,350,0.3076923076923077,0.09142857142857143,0.07428571428571429,diabetes_130us,clean,0.2,20260804,naive
race,?,577,0.1346153846153846,0.043327556325823226,0.09012131715771231,diabetes_130us,clean,0.2,20260804,naive
race,Hispanic,518,0.38095238095238093,0.12162162162162163,0.12162162162162163,diabetes_130us,clean,0.2,20260804,naive
race,Asian,148,0.0,0.11486486486486487,0.07432432432432433,diabetes_130us,clean,0.2,20260804,naive
gender,Female,13667,0.2607303010890455,0.10975342064827687,0.1142167264213068,diabetes_130us,clean,0.2,20260804,naive
gender,Male,11775,0.25508607198748046,0.11371549893842887,0.10853503184713376,diabetes_130us,clean,0.2,20260804,naive
race,Caucasian,19029,0.25081281932187643,0.11182931315360765,0.11314309737768669,diabetes_130us,corrupted,0.2,20260804,naive
race,AfricanAmerican,4820,0.25842696629213485,0.11556016597510374,0.11078838174273858,diabetes_130us,corrupted,0.2,20260804,naive
race,Other,350,0.34615384615384615,0.1,0.07428571428571429,diabetes_130us,corrupted,0.2,20260804,naive
race,?,577,0.09615384615384616,0.06412478336221837,0.09012131715771231,diabetes_130us,corrupted,0.2,20260804,naive
race,Hispanic,518,0.4126984126984127,0.1274131274131274,0.12162162162162163,diabetes_130us,corrupted,0.2,20260804,naive
race,Asian,148,0.09090909090909091,0.10810810810810811,0.07432432432432433,diabetes_130us,corrupted,0.2,20260804,naive
gender,Female,13667,0.267777065983344,0.11377771273871369,0.1142167264213068,diabetes_130us,corrupted,0.2,20260804,naive
gender,Male,11775,0.23552425665101723,0.10904458598726115,0.10853503184713376,diabetes_130us,corrupted,0.2,20260804,naive
race,Caucasian,19029,0.09986065954482118,0.10147669346786484,0.11314309737768669,diabetes_130us,quarantine,0.2,20260804,naive
race,AfricanAmerican,4820,0.12921348314606743,0.1400414937759336,0.11078838174273858,diabetes_130us,quarantine,0.2,20260804,naive
race,Other,350,0.11538461538461539,0.12571428571428572,0.07428571428571429,diabetes_130us,quarantine,0.2,20260804,naive
race,?,577,0.19230769230769232,0.15771230502599654,0.09012131715771231,diabetes_130us,quarantine,0.2,20260804,naive
race,Hispanic,518,0.15873015873015872,0.12934362934362933,0.12162162162162163,diabetes_130us,quarantine,0.2,20260804,naive
race,Asian,148,0.18181818181818182,0.20945945945945946,0.07432432432432433,diabetes_130us,quarantine,0.2,20260804,naive
gender,Female,13667,0.11146700832799487,0.11882637008853443,0.1142167264213068,diabetes_130us,quarantine,0.2,20260804,naive
gender,Male,11775,0.1056338028169014,0.10318471337579618,0.10853503184713376,diabetes_130us,quarantine,0.2,20260804,naive
race,Caucasian,19029,0.24013005109150024,0.11020022071574964,0.11314309737768669,diabetes_130us,repair,0.2,20260804,naive
race,AfricanAmerican,4820,0.2696629213483146,0.12074688796680498,0.11078838174273858,diabetes_130us,repair,0.2,20260804,naive
race,Other,350,0.38461538461538464,0.10285714285714286,0.07428571428571429,diabetes_130us,repair,0.2,20260804,naive
race,?,577,0.1346153846153846,0.06239168110918544,0.09012131715771231,diabetes_130us,repair,0.2,20260804,naive
race,Hispanic,518,0.42857142857142855,0.14864864864864866,0.12162162162162163,diabetes_130us,repair,0.2,20260804,naive
race,Asian,148,0.18181818181818182,0.08783783783783784,0.07432432432432433,diabetes_130us,repair,0.2,20260804,naive
gender,Female,13667,0.26137091607943624,0.11487524694519646,0.1142167264213068,diabetes_130us,repair,0.2,20260804,naive
gender,Male,11775,0.23395931142410015,0.10794055201698514,0.10853503184713376,diabetes_130us,repair,0.2,20260804,naive
race,Caucasian,19029,0.25824431026474687,0.11167165904671816,0.11314309737768669,diabetes_130us,clean,0.2,20260805,naive
race,AfricanAmerican,4820,0.2883895131086142,0.11825726141078838,0.11078838174273858,diabetes_130us,clean,0.2,20260805,naive
race,Other,350,0.34615384615384615,0.08857142857142856,0.07428571428571429,diabetes_130us,clean,0.2,20260805,naive
race,?,577,0.1346153846153846,0.04679376083188908,0.09012131715771231,diabetes_130us,clean,0.2,20260805,naive
race,Hispanic,518,0.3968253968253968,0.13320463320463322,0.12162162162162163,diabetes_130us,clean,0.2,20260805,naive
race,Asian,148,0.2727272727272727,0.11486486486486487,0.07432432432432433,diabetes_130us,clean,0.2,20260805,naive
gender,Female,13667,0.2716207559256887,0.11216799590253897,0.1142167264213068,diabetes_130us,clean,0.2,20260805,naive
gender,Male,11775,0.25821596244131456,0.11091295116772824,0.10853503184713376,diabetes_130us,clean,0.2,20260805,naive
race,Caucasian,19029,0.25545750116117044,0.11046297756056546,0.11314309737768669,diabetes_130us,corrupted,0.2,20260805,naive
race,AfricanAmerican,4820,0.27715355805243447,0.11991701244813278,0.11078838174273858,diabetes_130us,corrupted,0.2,20260805,naive
race,Other,350,0.34615384615384615,0.10857142857142857,0.07428571428571429,diabetes_130us,corrupted,0.2,20260805,naive
race,?,577,0.11538461538461539,0.05719237435008666,0.09012131715771231,diabetes_130us,corrupted,0.2,20260805,naive
race,Hispanic,518,0.38095238095238093,0.12548262548262548,0.12162162162162163,diabetes_130us,corrupted,0.2,20260805,naive
race,Asian,148,0.2727272727272727,0.1554054054054054,0.07432432432432433,diabetes_130us,corrupted,0.2,20260805,naive
gender,Female,13667,0.2729019859064702,0.11077778590766078,0.1142167264213068,diabetes_130us,corrupted,0.2,20260805,naive
gender,Male,11775,0.24569640062597808,0.11252653927813164,0.10853503184713376,diabetes_130us,corrupted,0.2,20260805,naive
race,Caucasian,19029,0.14537854156990246,0.1008460770403069,0.11314309737768669,diabetes_130us,quarantine,0.2,20260805,naive
race,AfricanAmerican,4820,0.22284644194756553,0.15394190871369295,0.11078838174273858,diabetes_130us,quarantine,0.2,20260805,naive
race,Other,350,0.11538461538461539,0.1,0.07428571428571429,diabetes_130us,quarantine,0.2,20260805,naive
race,?,577,0.11538461538461539,0.09012131715771231,0.09012131715771231,diabetes_130us,quarantine,0.2,20260805,naive
race,Hispanic,518,0.23809523809523808,0.13706563706563707,0.12162162162162163,diabetes_130us,quarantine,0.2,20260805,naive
race,Asian,148,0.09090909090909091,0.13513513513513514,0.07432432432432433,diabetes_130us,quarantine,0.2,20260805,naive
gender,Female,13667,0.1492632927610506,0.0990707543718446,0.1142167264213068,diabetes_130us,quarantine,0.2,20260805,naive
gender,Male,11775,0.1752738654147105,0.12611464968152866,0.10853503184713376,diabetes_130us,quarantine,0.2,20260805,naive
race,Caucasian,19029,0.25081281932187643,0.11209206999842346,0.11314309737768669,diabetes_130us,repair,0.2,20260805,naive
race,AfricanAmerican,4820,0.2696629213483146,0.11929460580912864,0.11078838174273858,diabetes_130us,repair,0.2,20260805,naive
race,Other,350,0.2692307692307692,0.08571428571428572,0.07428571428571429,diabetes_130us,repair,0.2,20260805,naive
race,?,577,0.09615384615384616,0.04679376083188908,0.09012131715771231,diabetes_130us,repair,0.2,20260805,naive
race,Hispanic,518,0.3968253968253968,0.12355212355212356,0.12162162162162163,diabetes_130us,repair,0.2,20260805,naive
race,Asian,148,0.18181818181818182,0.06756756756756757,0.07432432432432433,diabetes_130us,repair,0.2,20260805,naive
gender,Female,13667,0.2729019859064702,0.1167776395697666,0.1142167264213068,diabetes_130us,repair,0.2,20260805,naive
gender,Male,11775,0.2323943661971831,0.10556263269639066,0.10853503184713376,diabetes_130us,repair,0.2,20260805,naive
race,Caucasian,19029,0.25452856479331165,0.111619107677755,0.11314309737768669,diabetes_130us,clean,0.2,20260806,naive
race,AfricanAmerican,4820,0.27340823970037453,0.11825726141078838,0.11078838174273858,diabetes_130us,clean,0.2,20260806,naive
race,Other,350,0.34615384615384615,0.09142857142857143,0.07428571428571429,diabetes_130us,clean,0.2,20260806,naive
race,?,577,0.057692307692307696,0.04679376083188908,0.09012131715771231,diabetes_130us,clean,0.2,20260806,naive
race,Hispanic,518,0.38095238095238093,0.1274131274131274,0.12162162162162163,diabetes_130us,clean,0.2,20260806,naive
race,Asian,148,0.2727272727272727,0.13513513513513514,0.07432432432432433,diabetes_130us,clean,0.2,20260806,naive
gender,Female,13667,0.26137091607943624,0.10865588644179411,0.1142167264213068,diabetes_130us,clean,0.2,20260806,naive
gender,Male,11775,0.2543035993740219,0.11498938428874735,0.10853503184713376,diabetes_130us,clean,0.2,20260806,naive
race,Caucasian,19029,0.25220622387366465,0.1113563508329392,0.11314309737768669,diabetes_130us,corrupted,0.2,20260806,naive
race,AfricanAmerican,4820,0.27340823970037453,0.11639004149377594,0.11078838174273858,diabetes_130us,corrupted,0.2,20260806,naive
race,Other,350,0.3076923076923077,0.09142857142857143,0.07428571428571429,diabetes_130us,corrupted,0.2,20260806,naive
race,?,577,0.21153846153846154,0.0831889081455806,0.09012131715771231,diabetes_130us,corrupted,0.2,20260806,naive
race,Hispanic,518,0.4444444444444444,0.138996138996139,0.12162162162162163,diabetes_130us,corrupted,0.2,20260806,naive
race,Asian,148,0.36363636363636365,0.19594594594594594,0.07432432432432433,diabetes_130us,corrupted,0.2,20260806,naive
gender,Female,13667,0.2754644458680333,0.11663130167556889,0.1142167264213068,diabetes_130us,corrupted,0.2,20260806,naive
gender,Male,11775,0.24256651017214398,0.10760084925690021,0.10853503184713376,diabetes_130us,corrupted,0.2,20260806,naive
race,Caucasian,19029,0.11286576869484441,0.11382626517420778,0.11314309737768669,diabetes_130us,quarantine,0.2,20260806,naive
race,AfricanAmerican,4820,0.10861423220973783,0.10580912863070539,0.11078838174273858,diabetes_130us,quarantine,0.2,20260806,naive
race,Other,350,0.11538461538461539,0.09714285714285714,0.07428571428571429,diabetes_130us,quarantine,0.2,20260806,naive
race,?,577,0.038461538461538464,0.10745233968804159,0.09012131715771231,diabetes_130us,quarantine,0.2,20260806,naive
race,Hispanic,518,0.07936507936507936,0.10038610038610038,0.12162162162162163,diabetes_130us,quarantine,0.2,20260806,naive
race,Asian,148,0.0,0.10135135135135136,0.07432432432432433,diabetes_130us,quarantine,0.2,20260806,naive
gender,Female,13667,0.0903267136450993,0.08890027072510427,0.1142167264213068,diabetes_130us,quarantine,0.2,20260806,naive
gender,Male,11775,0.13302034428794993,0.13791932059447984,0.10853503184713376,diabetes_130us,quarantine,0.2,20260806,naive
race,Caucasian,19029,0.25777984208081745,0.11230227547427611,0.11314309737768669,diabetes_130us,repair,0.2,20260806,naive
race,AfricanAmerican,4820,0.2846441947565543,0.11763485477178423,0.11078838174273858,diabetes_130us,repair,0.2,20260806,naive
race,Other,350,0.19230769230769232,0.06857142857142857,0.07428571428571429,diabetes_130us,repair,0.2,20260806,naive
race,?,577,0.057692307692307696,0.053726169844020795,0.09012131715771231,diabetes_130us,repair,0.2,20260806,naive
race,Hispanic,518,0.42857142857142855,0.13513513513513514,0.12162162162162163,diabetes_130us,repair,0.2,20260806,naive
race,Asian,148,0.18181818181818182,0.06756756756756757,0.07432432432432433,diabetes_130us,repair,0.2,20260806,naive
gender,Female,13667,0.27226137091607944,0.11516792273359186,0.1142167264213068,diabetes_130us,repair,0.2,20260806,naive
gender,Male,11775,0.24960876369327073,0.10743099787685775,0.10853503184713376,diabetes_130us,repair,0.2,20260806,naive
race,Caucasian,19029,0.25824431026474687,0.11256503231909191,0.11314309737768669,diabetes_130us,clean,0.2,20260807,naive
race,AfricanAmerican,4820,0.27902621722846443,0.11597510373443984,0.11078838174273858,diabetes_130us,clean,0.2,20260807,naive
race,Other,350,0.3076923076923077,0.09428571428571429,0.07428571428571429,diabetes_130us,clean,0.2,20260807,naive
race,?,577,0.11538461538461539,0.05199306759098787,0.09012131715771231,diabetes_130us,clean,0.2,20260807,naive
race,Hispanic,518,0.38095238095238093,0.11969111969111969,0.12162162162162163,diabetes_130us,clean,0.2,20260807,naive
race,Asian,148,0.18181818181818182,0.08783783783783784,0.07432432432432433,diabetes_130us,clean,0.2,20260807,naive
gender,Female,13667,0.25816784112748237,0.1055096217165435,0.1142167264213068,diabetes_130us,clean,0.2,20260807,naive
gender,Male,11775,0.2676056338028169,0.11864118895966029,0.10853503184713376,diabetes_130us,clean,0.2,20260807,naive
race,Caucasian,19029,0.25034835113794707,0.10951705291922854,0.11314309737768669,diabetes_130us,corrupted,0.2,20260807,naive
race,AfricanAmerican,4820,0.28277153558052437,0.12406639004149378,0.11078838174273858,diabetes_130us,corrupted,0.2,20260807,naive
race,Other,350,0.3076923076923077,0.09142857142857143,0.07428571428571429,diabetes_130us,corrupted,0.2,20260807,naive
race,?,577,0.09615384615384616,0.053726169844020795,0.09012131715771231,diabetes_130us,corrupted,0.2,20260807,naive
race,Hispanic,518,0.4126984126984127,0.14478764478764478,0.12162162162162163,diabetes_130us,corrupted,0.2,20260807,naive
race,Asian,148,0.18181818181818182,0.14189189189189189,0.07432432432432433,diabetes_130us,corrupted,0.2,20260807,naive
gender,Female,13667,0.2767456758488149,0.1167776395697666,0.1142167264213068,diabetes_130us,corrupted,0.2,20260807,naive
gender,Male,11775,0.23395931142410015,0.10573248407643313,0.10853503184713376,diabetes_130us,corrupted,0.2,20260807,naive
race,Caucasian,19029,0.13562470970738505,0.11130379946397603,0.11314309737768669,diabetes_130us,quarantine,0.2,20260807,naive
race,AfricanAmerican,4820,0.12734082397003746,0.10975103734439834,0.11078838174273858,diabetes_130us,quarantine,0.2,20260807,naive
race,Other,350,0.19230769230769232,0.14,0.07428571428571429,diabetes_130us,quarantine,0.2,20260807,naive
race,?,577,0.019230769230769232,0.09705372616984402,0.09012131715771231,diabetes_130us,quarantine,0.2,20260807,naive
race,Hispanic,518,0.07936507936507936,0.13706563706563707,0.12162162162162163,diabetes_130us,quarantine,0.2,20260807,naive
race,Asian,148,0.0,0.10810810810810811,0.07432432432432433,diabetes_130us,quarantine,0.2,20260807,naive
gender,Female,13667,0.1262011531069827,0.09599765859369283,0.1142167264213068,diabetes_130us,quarantine,0.2,20260807,naive
gender,Male,11775,0.13615023474178403,0.1296815286624204,0.10853503184713376,diabetes_130us,quarantine,0.2,20260807,naive
race,Caucasian,19029,0.2540640966093823,0.11272268642598139,0.11314309737768669,diabetes_130us,repair,0.2,20260807,naive
race,AfricanAmerican,4820,0.2565543071161049,0.11265560165975104,0.11078838174273858,diabetes_130us,repair,0.2,20260807,naive
race,Other,350,0.3076923076923077,0.08857142857142856,0.07428571428571429,diabetes_130us,repair,0.2,20260807,naive
race,?,577,0.17307692307692307,0.07105719237435008,0.09012131715771231,diabetes_130us,repair,0.2,20260807,naive
race,Hispanic,518,0.38095238095238093,0.13127413127413126,0.12162162162162163,diabetes_130us,repair,0.2,20260807,naive
race,Asian,148,0.09090909090909091,0.07432432432432433,0.07432432432432433,diabetes_130us,repair,0.2,20260807,naive
gender,Female,13667,0.2696989109545163,0.11326553010902173,0.1142167264213068,diabetes_130us,repair,0.2,20260807,naive
gender,Male,11775,0.23865414710485133,0.10963906581740977,0.10853503184713376,diabetes_130us,repair,0.2,20260807,naive
marital,single,3226,0.6386554621848739,0.15034097954122752,0.14755114693118412,bank_marketing_full,clean,0.05,20260803,census_informed
marital,married,6769,0.5829787234042553,0.10415127788447333,0.10415127788447333,bank_marketing_full,clean,0.05,20260803,census_informed
marital,divorced,1308,0.574468085106383,0.10091743119266056,0.10779816513761468,bank_marketing_full,clean,0.05,20260803,census_informed
age_band,30-44,5936,0.5894736842105263,0.09669811320754718,0.09602425876010781,bank_marketing_full,clean,0.05,20260803,census_informed
age_band,45-59,3395,0.5487465181058496,0.09455081001472754,0.10574374079528719,bank_marketing_full,clean,0.05,20260803,census_informed
age_band,<30,1699,0.6353790613718412,0.1618599175985874,0.16303708063566805,bank_marketing_full,clean,0.05,20260803,census_informed
age_band,60+,273,0.75,0.5567765567765568,0.4249084249084249,bank_marketing_full,clean,0.05,20260803,census_informed
marital,single,3226,0.6680672268907563,0.15654060756354618,0.14755114693118412,bank_marketing_full,corrupted,0.05,20260803,census_informed
marital,married,6769,0.5617021276595745,0.10045797015807358,0.10415127788447333,bank_marketing_full,corrupted,0.05,20260803,census_informed
marital,divorced,1308,0.6170212765957447,0.10474006116207951,0.10779816513761468,bank_marketing_full,corrupted,0.05,20260803,census_informed
age_band,30-44,5936,0.5964912280701754,0.09720350404312668,0.09602425876010781,bank_marketing_full,corrupted,0.05,20260803,census_informed
age_band,45-59,3395,0.5571030640668524,0.09425625920471281,0.10574374079528719,bank_marketing_full,corrupted,0.05,20260803,census_informed
age_band,<30,1699,0.631768953068592,0.16068275456150677,0.16303708063566805,bank_marketing_full,corrupted,0.05,20260803,census_informed
age_band,60+,273,0.7413793103448276,0.5567765567765568,0.4249084249084249,bank_marketing_full,corrupted,0.05,20260803,census_informed
marital,single,3226,0.6428571428571429,0.15499070055796652,0.14755114693118412,bank_marketing_full,quarantine,0.05,20260803,census_informed
marital,married,6769,0.5659574468085107,0.10237849017580145,0.10415127788447333,bank_marketing_full,quarantine,0.05,20260803,census_informed
marital,divorced,1308,0.5957446808510638,0.09862385321100918,0.10779816513761468,bank_marketing_full,quarantine,0.05,20260803,census_informed
age_band,30-44,5936,0.5894736842105263,0.09787735849056604,0.09602425876010781,bank_marketing_full,quarantine,0.05,20260803,census_informed
age_band,45-59,3395,0.5292479108635098,0.0898379970544919,0.10574374079528719,bank_marketing_full,quarantine,0.05,20260803,census_informed
age_band,<30,1699,0.6173285198555957,0.16362566215420835,0.16303708063566805,bank_marketing_full,quarantine,0.05,20260803,census_informed
age_band,60+,273,0.7931034482758621,0.5787545787545788,0.4249084249084249,bank_marketing_full,quarantine,0.05,20260803,census_informed
marital,single,3226,0.6680672268907563,0.15654060756354618,0.14755114693118412,bank_marketing_full,repair,0.05,20260803,census_informed
marital,married,6769,0.5645390070921986,0.10060570246712956,0.10415127788447333,bank_marketing_full,repair,0.05,20260803,census_informed
marital,divorced,1308,0.624113475177305,0.10397553516819572,0.10779816513761468,bank_marketing_full,repair,0.05,20260803,census_informed
age_band,30-44,5936,0.6105263157894737,0.0985512129380054,0.09602425876010781,bank_marketing_full,repair,0.05,20260803,census_informed
age_band,45-59,3395,0.5515320334261838,0.09337260677466863,0.10574374079528719,bank_marketing_full,repair,0.05,20260803,census_informed
age_band,<30,1699,0.6064981949458483,0.16009417304296644,0.16303708063566805,bank_marketing_full,repair,0.05,20260803,census_informed
age_band,60+,273,0.7758620689655172,0.5421245421245421,0.4249084249084249,bank_marketing_full,repair,0.05,20260803,census_informed
marital,single,3226,0.6722689075630253,0.15468071915685058,0.14755114693118412,bank_marketing_full,clean,0.05,20260804,census_informed
marital,married,6769,0.5687943262411348,0.10267395479391343,0.10415127788447333,bank_marketing_full,clean,0.05,20260804,census_informed
marital,divorced,1308,0.5957446808510638,0.09785932721712538,0.10779816513761468,bank_marketing_full,clean,0.05,20260804,census_informed
age_band,30-44,5936,0.6017543859649123,0.09568733153638814,0.09602425876010781,bank_marketing_full,clean,0.05,20260804,census_informed
age_band,45-59,3395,0.5403899721448467,0.09425625920471281,0.10574374079528719,bank_marketing_full,clean,0.05,20260804,census_informed
age_band,<30,1699,0.6534296028880866,0.16715715126545028,0.16303708063566805,bank_marketing_full,clean,0.05,20260804,census_informed
age_band,60+,273,0.75,0.5494505494505495,0.4249084249084249,bank_marketing_full,clean,0.05,20260804,census_informed
marital,single,3226,0.6617647058823529,0.15468071915685058,0.14755114693118412,bank_marketing_full,corrupted,0.05,20260804,census_informed
marital,married,6769,0.5602836879432624,0.10104889939429754,0.10415127788447333,bank_marketing_full,corrupted,0.05,20260804,census_informed
marital,divorced,1308,0.624113475177305,0.10626911314984709,0.10779816513761468,bank_marketing_full,corrupted,0.05,20260804,census_informed
age_band,30-44,5936,0.5754385964912281,0.09467654986522911,0.09602425876010781,bank_marketing_full,corrupted,0.05,20260804,census_informed
age_band,45-59,3395,0.5598885793871866,0.0930780559646539,0.10574374079528719,bank_marketing_full,corrupted,0.05,20260804,census_informed
age_band,<30,1699,0.6642599277978339,0.17422012948793408,0.16303708063566805,bank_marketing_full,corrupted,0.05,20260804,census_informed
age_band,60+,273,0.7327586206896551,0.5421245421245421,0.4249084249084249,bank_marketing_full,corrupted,0.05,20260804,census_informed
marital,single,3226,0.657563025210084,0.15437073775573465,0.14755114693118412,bank_marketing_full,quarantine,0.05,20260804,census_informed
marital,married,6769,0.5602836879432624,0.10237849017580145,0.10415127788447333,bank_marketing_full,quarantine,0.05,20260804,census_informed
marital,divorced,1308,0.5886524822695035,0.10015290519877676,0.10779816513761468,bank_marketing_full,quarantine,0.05,20260804,census_informed
age_band,30-44,5936,0.5824561403508772,0.09703504043126684,0.09602425876010781,bank_marketing_full,quarantine,0.05,20260804,census_informed
age_band,45-59,3395,0.5431754874651811,0.09455081001472754,0.10574374079528719,bank_marketing_full,quarantine,0.05,20260804,census_informed
age_band,<30,1699,0.6245487364620939,0.15891701000588582,0.16303708063566805,bank_marketing_full,quarantine,0.05,20260804,census_informed
age_band,60+,273,0.7844827586206896,0.5677655677655677,0.4249084249084249,bank_marketing_full,quarantine,0.05,20260804,census_informed
marital,single,3226,0.6617647058823529,0.15468071915685058,0.14755114693118412,bank_marketing_full,repair,0.05,20260804,census_informed
marital,married,6769,0.5758865248226951,0.10119663170335352,0.10415127788447333,bank_marketing_full,repair,0.05,20260804,census_informed
marital,divorced,1308,0.6099290780141844,0.10550458715596331,0.10779816513761468,bank_marketing_full,repair,0.05,20260804,census_informed
age_band,30-44,5936,0.5947368421052631,0.0963611859838275,0.09602425876010781,bank_marketing_full,repair,0.05,20260804,census_informed
age_band,45-59,3395,0.5515320334261838,0.09278350515463918,0.10574374079528719,bank_marketing_full,repair,0.05,20260804,census_informed
age_band,<30,1699,0.6425992779783394,0.16421424367274867,0.16303708063566805,bank_marketing_full,repair,0.05,20260804,census_informed
age_band,60+,273,0.7931034482758621,0.5714285714285714,0.4249084249084249,bank_marketing_full,repair,0.05,20260804,census_informed
marital,single,3226,0.657563025210084,0.15499070055796652,0.14755114693118412,bank_marketing_full,clean,0.05,20260805,census_informed
marital,married,6769,0.5673758865248227,0.10252622248485743,0.10415127788447333,bank_marketing_full,clean,0.05,20260805,census_informed
marital,divorced,1308,0.5673758865248227,0.09785932721712538,0.10779816513761468,bank_marketing_full,clean,0.05,20260805,census_informed
age_band,30-44,5936,0.5894736842105263,0.09652964959568733,0.09602425876010781,bank_marketing_full,clean,0.05,20260805,census_informed
age_band,45-59,3395,0.5348189415041783,0.09278350515463918,0.10574374079528719,bank_marketing_full,clean,0.05,20260805,census_informed
age_band,<30,1699,0.631768953068592,0.16303708063566805,0.16303708063566805,bank_marketing_full,clean,0.05,20260805,census_informed
age_band,60+,273,0.7758620689655172,0.575091575091575,0.4249084249084249,bank_marketing_full,clean,0.05,20260805,census_informed
marital,single,3226,0.6596638655462185,0.15344079355238685,0.14755114693118412,bank_marketing_full,corrupted,0.05,20260805,census_informed
marital,married,6769,0.5659574468085107,0.10208302555768947,0.10415127788447333,bank_marketing_full,corrupted,0.05,20260805,census_informed
marital,divorced,1308,0.6170212765957447,0.10397553516819572,0.10779816513761468,bank_marketing_full,corrupted,0.05,20260805,census_informed
age_band,30-44,5936,0.5894736842105263,0.09754043126684636,0.09602425876010781,bank_marketing_full,corrupted,0.05,20260805,census_informed
age_band,45-59,3395,0.5710306406685237,0.09661266568483064,0.10574374079528719,bank_marketing_full,corrupted,0.05,20260805,census_informed
age_band,<30,1699,0.6209386281588448,0.1583284284873455,0.16303708063566805,bank_marketing_full,corrupted,0.05,20260805,census_informed
age_band,60+,273,0.75,0.5347985347985348,0.4249084249084249,bank_marketing_full,corrupted,0.05,20260805,census_informed
marital,single,3226,0.6512605042016807,0.15530068195908245,0.14755114693118412,bank_marketing_full,quarantine,0.05,20260805,census_informed
marital,married,6769,0.5673758865248227,0.10134436401240951,0.10415127788447333,bank_marketing_full,quarantine,0.05,20260805,census_informed
marital,divorced,1308,0.5957446808510638,0.10321100917431193,0.10779816513761468,bank_marketing_full,quarantine,0.05,20260805,census_informed
age_band,30-44,5936,0.5736842105263158,0.09551886792452831,0.09602425876010781,bank_marketing_full,quarantine,0.05,20260805,census_informed
age_band,45-59,3395,0.5543175487465181,0.09396170839469808,0.10574374079528719,bank_marketing_full,quarantine,0.05,20260805,census_informed
age_band,<30,1699,0.6570397111913358,0.16774573278399058,0.16303708063566805,bank_marketing_full,quarantine,0.05,20260805,census_informed
age_band,60+,273,0.7413793103448276,0.5531135531135531,0.4249084249084249,bank_marketing_full,quarantine,0.05,20260805,census_informed
marital,single,3226,0.6722689075630253,0.15468071915685058,0.14755114693118412,bank_marketing_full,repair,0.05,20260805,census_informed
marital,married,6769,0.577304964539007,0.10208302555768947,0.10415127788447333,bank_marketing_full,repair,0.05,20260805,census_informed
marital,divorced,1308,0.6099290780141844,0.10091743119266056,0.10779816513761468,bank_marketing_full,repair,0.05,20260805,census_informed
age_band,30-44,5936,0.6017543859649123,0.09922506738544475,0.09602425876010781,bank_marketing_full,repair,0.05,20260805,census_informed
age_band,45-59,3395,0.5543175487465181,0.09072164948453608,0.10574374079528719,bank_marketing_full,repair,0.05,20260805,census_informed
age_band,<30,1699,0.6534296028880866,0.16303708063566805,0.16303708063566805,bank_marketing_full,repair,0.05,20260805,census_informed
age_band,60+,273,0.7758620689655172,0.5421245421245421,0.4249084249084249,bank_marketing_full,repair,0.05,20260805,census_informed
marital,single,3226,0.657563025210084,0.15282083075015498,0.14755114693118412,bank_marketing_full,clean,0.05,20260806,census_informed
marital,married,6769,0.5702127659574469,0.10252622248485743,0.10415127788447333,bank_marketing_full,clean,0.05,20260806,census_informed
marital,divorced,1308,0.5886524822695035,0.10321100917431193,0.10779816513761468,bank_marketing_full,clean,0.05,20260806,census_informed
age_band,30-44,5936,0.5894736842105263,0.09585579514824798,0.09602425876010781,bank_marketing_full,clean,0.05,20260806,census_informed
age_band,45-59,3395,0.5403899721448467,0.09278350515463918,0.10574374079528719,bank_marketing_full,clean,0.05,20260806,census_informed
age_band,<30,1699,0.6425992779783394,0.16656856974690995,0.16303708063566805,bank_marketing_full,clean,0.05,20260806,census_informed
age_band,60+,273,0.7758620689655172,0.5677655677655677,0.4249084249084249,bank_marketing_full,clean,0.05,20260806,census_informed
marital,single,3226,0.6512605042016807,0.15530068195908245,0.14755114693118412,bank_marketing_full,corrupted,0.05,20260806,census_informed
marital,married,6769,0.5659574468085107,0.1029694194120254,0.10415127788447333,bank_marketing_full,corrupted,0.05,20260806,census_informed
marital,divorced,1308,0.5531914893617021,0.09480122324159021,0.10779816513761468,bank_marketing_full,corrupted,0.05,20260806,census_informed
age_band,30-44,5936,0.5912280701754385,0.09888814016172506,0.09602425876010781,bank_marketing_full,corrupted,0.05,20260806,census_informed
age_band,45-59,3395,0.5348189415041783,0.0910162002945508,0.10574374079528719,bank_marketing_full,corrupted,0.05,20260806,census_informed
age_band,<30,1699,0.6173285198555957,0.16774573278399058,0.16303708063566805,bank_marketing_full,corrupted,0.05,20260806,census_informed
age_band,60+,273,0.75,0.5164835164835165,0.4249084249084249,bank_marketing_full,corrupted,0.05,20260806,census_informed
marital,single,3226,0.6449579831932774,0.15437073775573465,0.14755114693118412,bank_marketing_full,quarantine,0.05,20260806,census_informed
marital,married,6769,0.5617021276595745,0.10045797015807358,0.10415127788447333,bank_marketing_full,quarantine,0.05,20260806,census_informed
marital,divorced,1308,0.624113475177305,0.11009174311926606,0.10779816513761468,bank_marketing_full,quarantine,0.05,20260806,census_informed
age_band,30-44,5936,0.5842105263157895,0.09787735849056604,0.09602425876010781,bank_marketing_full,quarantine,0.05,20260806,census_informed
age_band,45-59,3395,0.5571030640668524,0.09219440353460973,0.10574374079528719,bank_marketing_full,quarantine,0.05,20260806,census_informed
age_band,<30,1699,0.6137184115523465,0.16421424367274867,0.16303708063566805,bank_marketing_full,quarantine,0.05,20260806,census_informed
age_band,60+,273,0.7586206896551724,0.5457875457875457,0.4249084249084249,bank_marketing_full,quarantine,0.05,20260806,census_informed
marital,single,3226,0.6512605042016807,0.15499070055796652,0.14755114693118412,bank_marketing_full,repair,0.05,20260806,census_informed
marital,married,6769,0.5631205673758866,0.10223075786674546,0.10415127788447333,bank_marketing_full,repair,0.05,20260806,census_informed
marital,divorced,1308,0.5531914893617021,0.09938837920489296,0.10779816513761468,bank_marketing_full,repair,0.05,20260806,census_informed
age_band,30-44,5936,0.5789473684210527,0.09484501347708894,0.09602425876010781,bank_marketing_full,repair,0.05,20260806,census_informed
age_band,45-59,3395,0.5431754874651811,0.09337260677466863,0.10574374079528719,bank_marketing_full,repair,0.05,20260806,census_informed
age_band,<30,1699,0.628158844765343,0.17010005885815185,0.16303708063566805,bank_marketing_full,repair,0.05,20260806,census_informed
age_band,60+,273,0.7413793103448276,0.5604395604395604,0.4249084249084249,bank_marketing_full,repair,0.05,20260806,census_informed
marital,single,3226,0.6554621848739496,0.15034097954122752,0.14755114693118412,bank_marketing_full,clean,0.05,20260807,census_informed
marital,married,6769,0.574468085106383,0.10356034864824937,0.10415127788447333,bank_marketing_full,clean,0.05,20260807,census_informed
marital,divorced,1308,0.5886524822695035,0.10397553516819572,0.10779816513761468,bank_marketing_full,clean,0.05,20260807,census_informed
age_band,30-44,5936,0.5929824561403508,0.09652964959568733,0.09602425876010781,bank_marketing_full,clean,0.05,20260807,census_informed
age_band,45-59,3395,0.5543175487465181,0.09337260677466863,0.10574374079528719,bank_marketing_full,clean,0.05,20260807,census_informed
age_band,<30,1699,0.6209386281588448,0.16009417304296644,0.16303708063566805,bank_marketing_full,clean,0.05,20260807,census_informed
age_band,60+,273,0.7844827586206896,0.5860805860805861,0.4249084249084249,bank_marketing_full,clean,0.05,20260807,census_informed
marital,single,3226,0.6617647058823529,0.15344079355238685,0.14755114693118412,bank_marketing_full,corrupted,0.05,20260807,census_informed
marital,married,6769,0.5702127659574469,0.10252622248485743,0.10415127788447333,bank_marketing_full,corrupted,0.05,20260807,census_informed
marital,divorced,1308,0.5886524822695035,0.10168195718654434,0.10779816513761468,bank_marketing_full,corrupted,0.05,20260807,census_informed
age_band,30-44,5936,0.6,0.0977088948787062,0.09602425876010781,bank_marketing_full,corrupted,0.05,20260807,census_informed
age_band,45-59,3395,0.5376044568245125,0.0898379970544919,0.10574374079528719,bank_marketing_full,corrupted,0.05,20260807,census_informed
age_band,<30,1699,0.6425992779783394,0.16774573278399058,0.16303708063566805,bank_marketing_full,corrupted,0.05,20260807,census_informed
age_band,60+,273,0.75,0.5567765567765568,0.4249084249084249,bank_marketing_full,corrupted,0.05,20260807,census_informed
marital,single,3226,0.634453781512605,0.15220086794792312,0.14755114693118412,bank_marketing_full,quarantine,0.05,20260807,census_informed
marital,married,6769,0.5645390070921986,0.10282168710296942,0.10415127788447333,bank_marketing_full,quarantine,0.05,20260807,census_informed
marital,divorced,1308,0.5815602836879432,0.10321100917431193,0.10779816513761468,bank_marketing_full,quarantine,0.05,20260807,census_informed
age_band,30-44,5936,0.5736842105263158,0.09568733153638814,0.09602425876010781,bank_marketing_full,quarantine,0.05,20260807,census_informed
age_band,45-59,3395,0.5543175487465181,0.09366715758468336,0.10574374079528719,bank_marketing_full,quarantine,0.05,20260807,census_informed
age_band,<30,1699,0.6137184115523465,0.16244849911712772,0.16303708063566805,bank_marketing_full,quarantine,0.05,20260807,census_informed
age_band,60+,273,0.7413793103448276,0.5860805860805861,0.4249084249084249,bank_marketing_full,quarantine,0.05,20260807,census_informed
marital,single,3226,0.6701680672268907,0.15654060756354618,0.14755114693118412,bank_marketing_full,repair,0.05,20260807,census_informed
marital,married,6769,0.5617021276595745,0.10090116708524154,0.10415127788447333,bank_marketing_full,repair,0.05,20260807,census_informed
marital,divorced,1308,0.5957446808510638,0.10244648318042814,0.10779816513761468,bank_marketing_full,repair,0.05,20260807,census_informed
age_band,30-44,5936,0.5929824561403508,0.09703504043126684,0.09602425876010781,bank_marketing_full,repair,0.05,20260807,census_informed
age_band,45-59,3395,0.5376044568245125,0.0898379970544919,0.10574374079528719,bank_marketing_full,repair,0.05,20260807,census_informed
age_band,<30,1699,0.6389891696750902,0.17010005885815185,0.16303708063566805,bank_marketing_full,repair,0.05,20260807,census_informed
age_band,60+,273,0.7844827586206896,0.5567765567765568,0.4249084249084249,bank_marketing_full,repair,0.05,20260807,census_informed
marital,single,3226,0.6386554621848739,0.15034097954122752,0.14755114693118412,bank_marketing_full,clean,0.1,20260803,census_informed
marital,married,6769,0.5829787234042553,0.10415127788447333,0.10415127788447333,bank_marketing_full,clean,0.1,20260803,census_informed
marital,divorced,1308,0.574468085106383,0.10091743119266056,0.10779816513761468,bank_marketing_full,clean,0.1,20260803,census_informed
age_band,30-44,5936,0.5894736842105263,0.09669811320754718,0.09602425876010781,bank_marketing_full,clean,0.1,20260803,census_informed
age_band,45-59,3395,0.5487465181058496,0.09455081001472754,0.10574374079528719,bank_marketing_full,clean,0.1,20260803,census_informed
age_band,<30,1699,0.6353790613718412,0.1618599175985874,0.16303708063566805,bank_marketing_full,clean,0.1,20260803,census_informed
age_band,60+,273,0.75,0.5567765567765568,0.4249084249084249,bank_marketing_full,clean,0.1,20260803,census_informed
marital,single,3226,0.657563025210084,0.15592064476131431,0.14755114693118412,bank_marketing_full,corrupted,0.1,20260803,census_informed
marital,married,6769,0.577304964539007,0.10149209632146551,0.10415127788447333,bank_marketing_full,corrupted,0.1,20260803,census_informed
marital,divorced,1308,0.5460992907801419,0.10091743119266056,0.10779816513761468,bank_marketing_full,corrupted,0.1,20260803,census_informed
age_band,30-44,5936,0.5912280701754385,0.09686657681940701,0.09602425876010781,bank_marketing_full,corrupted,0.1,20260803,census_informed
age_band,45-59,3395,0.5515320334261838,0.09396170839469808,0.10574374079528719,bank_marketing_full,corrupted,0.1,20260803,census_informed
age_band,<30,1699,0.628158844765343,0.16539140670982933,0.16303708063566805,bank_marketing_full,corrupted,0.1,20260803,census_informed
age_band,60+,273,0.7586206896551724,0.5384615384615384,0.4249084249084249,bank_marketing_full,corrupted,0.1,20260803,census_informed
marital,single,3226,0.6365546218487395,0.15282083075015498,0.14755114693118412,bank_marketing_full,quarantine,0.1,20260803,census_informed
marital,married,6769,0.5617021276595745,0.10252622248485743,0.10415127788447333,bank_marketing_full,quarantine,0.1,20260803,census_informed
marital,divorced,1308,0.574468085106383,0.10321100917431193,0.10779816513761468,bank_marketing_full,quarantine,0.1,20260803,census_informed
age_band,30-44,5936,0.5666666666666667,0.09501347708894879,0.09602425876010781,bank_marketing_full,quarantine,0.1,20260803,census_informed
age_band,45-59,3395,0.5571030640668524,0.09602356406480118,0.10574374079528719,bank_marketing_full,quarantine,0.1,20260803,census_informed
age_band,<30,1699,0.6064981949458483,0.1612713360800471,0.16303708063566805,bank_marketing_full,quarantine,0.1,20260803,census_informed
age_band,60+,273,0.7672413793103449,0.5787545787545788,0.4249084249084249,bank_marketing_full,quarantine,0.1,20260803,census_informed
marital,single,3226,0.657563025210084,0.16088034717916924,0.14755114693118412,bank_marketing_full,repair,0.1,20260803,census_informed
marital,married,6769,0.5602836879432624,0.0983897178312897,0.10415127788447333,bank_marketing_full,repair,0.1,20260803,census_informed
marital,divorced,1308,0.5602836879432624,0.10474006116207951,0.10779816513761468,bank_marketing_full,repair,0.1,20260803,census_informed
age_band,30-44,5936,0.5789473684210527,0.0963611859838275,0.09602425876010781,bank_marketing_full,repair,0.1,20260803,census_informed
age_band,45-59,3395,0.5376044568245125,0.09219440353460973,0.10574374079528719,bank_marketing_full,repair,0.1,20260803,census_informed
age_band,<30,1699,0.6353790613718412,0.16951147733961153,0.16303708063566805,bank_marketing_full,repair,0.1,20260803,census_informed
age_band,60+,273,0.7586206896551724,0.5457875457875457,0.4249084249084249,bank_marketing_full,repair,0.1,20260803,census_informed
marital,single,3226,0.6722689075630253,0.15468071915685058,0.14755114693118412,bank_marketing_full,clean,0.1,20260804,census_informed
marital,married,6769,0.5687943262411348,0.10267395479391343,0.10415127788447333,bank_marketing_full,clean,0.1,20260804,census_informed
marital,divorced,1308,0.5957446808510638,0.09785932721712538,0.10779816513761468,bank_marketing_full,clean,0.1,20260804,census_informed
age_band,30-44,5936,0.6017543859649123,0.09568733153638814,0.09602425876010781,bank_marketing_full,clean,0.1,20260804,census_informed
age_band,45-59,3395,0.5403899721448467,0.09425625920471281,0.10574374079528719,bank_marketing_full,clean,0.1,20260804,census_informed
age_band,<30,1699,0.6534296028880866,0.16715715126545028,0.16303708063566805,bank_marketing_full,clean,0.1,20260804,census_informed
age_band,60+,273,0.75,0.5494505494505495,0.4249084249084249,bank_marketing_full,clean,0.1,20260804,census_informed
marital,single,3226,0.6554621848739496,0.15406075635461872,0.14755114693118412,bank_marketing_full,corrupted,0.1,20260804,census_informed
marital,married,6769,0.5673758865248227,0.10149209632146551,0.10415127788447333,bank_marketing_full,corrupted,0.1,20260804,census_informed
marital,divorced,1308,0.5957446808510638,0.10550458715596331,0.10779816513761468,bank_marketing_full,corrupted,0.1,20260804,census_informed
age_band,30-44,5936,0.5894736842105263,0.09737196765498653,0.09602425876010781,bank_marketing_full,corrupted,0.1,20260804,census_informed
age_band,45-59,3395,0.5292479108635098,0.0898379970544919,0.10574374079528719,bank_marketing_full,corrupted,0.1,20260804,census_informed
age_band,<30,1699,0.6462093862815884,0.16774573278399058,0.16303708063566805,bank_marketing_full,corrupted,0.1,20260804,census_informed
age_band,60+,273,0.7844827586206896,0.5641025641025641,0.4249084249084249,bank_marketing_full,corrupted,0.1,20260804,census_informed
marital,single,3226,0.6449579831932774,0.15561066336019838,0.14755114693118412,bank_marketing_full,quarantine,0.1,20260804,census_informed
marital,married,6769,0.5460992907801419,0.09957157630373763,0.10415127788447333,bank_marketing_full,quarantine,0.1,20260804,census_informed
marital,divorced,1308,0.6028368794326241,0.11162079510703364,0.10779816513761468,bank_marketing_full,quarantine,0.1,20260804,census_informed
age_band,30-44,5936,0.5631578947368421,0.0963611859838275,0.09602425876010781,bank_marketing_full,quarantine,0.1,20260804,census_informed
age_band,45-59,3395,0.5348189415041783,0.09160530191458026,0.10574374079528719,bank_marketing_full,quarantine,0.1,20260804,census_informed
age_band,<30,1699,0.6245487364620939,0.1612713360800471,0.16303708063566805,bank_marketing_full,quarantine,0.1,20260804,census_informed
age_band,60+,273,0.7844827586206896,0.6043956043956044,0.4249084249084249,bank_marketing_full,quarantine,0.1,20260804,census_informed
marital,single,3226,0.6323529411764706,0.15406075635461872,0.14755114693118412,bank_marketing_full,repair,0.1,20260804,census_informed
marital,married,6769,0.5602836879432624,0.10223075786674546,0.10415127788447333,bank_marketing_full,repair,0.1,20260804,census_informed
marital,divorced,1308,0.5815602836879432,0.10168195718654434,0.10779816513761468,bank_marketing_full,repair,0.1,20260804,census_informed
age_band,30-44,5936,0.5649122807017544,0.09484501347708894,0.09602425876010781,bank_marketing_full,repair,0.1,20260804,census_informed
age_band,45-59,3395,0.5459610027855153,0.09248895434462445,0.10574374079528719,bank_marketing_full,repair,0.1,20260804,census_informed
age_band,<30,1699,0.6173285198555957,0.1683343143025309,0.16303708063566805,bank_marketing_full,repair,0.1,20260804,census_informed
age_band,60+,273,0.7672413793103449,0.5824175824175825,0.4249084249084249,bank_marketing_full,repair,0.1,20260804,census_informed
marital,single,3226,0.657563025210084,0.15499070055796652,0.14755114693118412,bank_marketing_full,clean,0.1,20260805,census_informed
marital,married,6769,0.5673758865248227,0.10252622248485743,0.10415127788447333,bank_marketing_full,clean,0.1,20260805,census_informed
marital,divorced,1308,0.5673758865248227,0.09785932721712538,0.10779816513761468,bank_marketing_full,clean,0.1,20260805,census_informed
age_band,30-44,5936,0.5894736842105263,0.09652964959568733,0.09602425876010781,bank_marketing_full,clean,0.1,20260805,census_informed
age_band,45-59,3395,0.5348189415041783,0.09278350515463918,0.10574374079528719,bank_marketing_full,clean,0.1,20260805,census_informed
age_band,<30,1699,0.631768953068592,0.16303708063566805,0.16303708063566805,bank_marketing_full,clean,0.1,20260805,census_informed
age_band,60+,273,0.7758620689655172,0.575091575091575,0.4249084249084249,bank_marketing_full,clean,0.1,20260805,census_informed
marital,single,3226,0.6470588235294118,0.15375077495350278,0.14755114693118412,bank_marketing_full,corrupted,0.1,20260805,census_informed
marital,married,6769,0.5631205673758866,0.10311715172108141,0.10415127788447333,bank_marketing_full,corrupted,0.1,20260805,census_informed
marital,divorced,1308,0.574468085106383,0.09785932721712538,0.10779816513761468,bank_marketing_full,corrupted,0.1,20260805,census_informed
age_band,30-44,5936,0.5666666666666667,0.09501347708894879,0.09602425876010781,bank_marketing_full,corrupted,0.1,20260805,census_informed
age_band,45-59,3395,0.5571030640668524,0.09543446244477172,0.10574374079528719,bank_marketing_full,corrupted,0.1,20260805,census_informed
age_band,<30,1699,0.6209386281588448,0.16421424367274867,0.16303708063566805,bank_marketing_full,corrupted,0.1,20260805,census_informed
age_band,60+,273,0.7844827586206896,0.5677655677655677,0.4249084249084249,bank_marketing_full,corrupted,0.1,20260805,census_informed
marital,single,3226,0.6260504201680672,0.15158090514569125,0.14755114693118412,bank_marketing_full,quarantine,0.1,20260805,census_informed
marital,married,6769,0.5716312056737589,0.10577633328408922,0.10415127788447333,bank_marketing_full,quarantine,0.1,20260805,census_informed
marital,divorced,1308,0.5319148936170213,0.08944954128440367,0.10779816513761468,bank_marketing_full,quarantine,0.1,20260805,census_informed
age_band,30-44,5936,0.5578947368421052,0.09349730458221024,0.09602425876010781,bank_marketing_full,quarantine,0.1,20260805,census_informed
age_band,45-59,3395,0.5292479108635098,0.0930780559646539,0.10574374079528719,bank_marketing_full,quarantine,0.1,20260805,census_informed
age_band,<30,1699,0.6389891696750902,0.1718658034137728,0.16303708063566805,bank_marketing_full,quarantine,0.1,20260805,census_informed
age_band,60+,273,0.7844827586206896,0.5824175824175825,0.4249084249084249,bank_marketing_full,quarantine,0.1,20260805,census_informed
marital,single,3226,0.6428571428571429,0.15375077495350278,0.14755114693118412,bank_marketing_full,repair,0.1,20260805,census_informed
marital,married,6769,0.5617021276595745,0.10252622248485743,0.10415127788447333,bank_marketing_full,repair,0.1,20260805,census_informed
marital,divorced,1308,0.574468085106383,0.10091743119266056,0.10779816513761468,bank_marketing_full,repair,0.1,20260805,census_informed
age_band,30-44,5936,0.5771929824561404,0.09737196765498653,0.09602425876010781,bank_marketing_full,repair,0.1,20260805,census_informed
age_band,45-59,3395,0.5403899721448467,0.09072164948453608,0.10574374079528719,bank_marketing_full,repair,0.1,20260805,census_informed
age_band,<30,1699,0.6101083032490975,0.1618599175985874,0.16303708063566805,bank_marketing_full,repair,0.1,20260805,census_informed
age_band,60+,273,0.7844827586206896,0.5897435897435898,0.4249084249084249,bank_marketing_full,repair,0.1,20260805,census_informed
marital,single,3226,0.657563025210084,0.15282083075015498,0.14755114693118412,bank_marketing_full,clean,0.1,20260806,census_informed
marital,married,6769,0.5702127659574469,0.10252622248485743,0.10415127788447333,bank_marketing_full,clean,0.1,20260806,census_informed
marital,divorced,1308,0.5886524822695035,0.10321100917431193,0.10779816513761468,bank_marketing_full,clean,0.1,20260806,census_informed
age_band,30-44,5936,0.5894736842105263,0.09585579514824798,0.09602425876010781,bank_marketing_full,clean,0.1,20260806,census_informed
age_band,45-59,3395,0.5403899721448467,0.09278350515463918,0.10574374079528719,bank_marketing_full,clean,0.1,20260806,census_informed
age_band,<30,1699,0.6425992779783394,0.16656856974690995,0.16303708063566805,bank_marketing_full,clean,0.1,20260806,census_informed
age_band,60+,273,0.7758620689655172,0.5677655677655677,0.4249084249084249,bank_marketing_full,clean,0.1,20260806,census_informed
marital,single,3226,0.6491596638655462,0.15530068195908245,0.14755114693118412,bank_marketing_full,corrupted,0.1,20260806,census_informed
marital,married,6769,0.548936170212766,0.10149209632146551,0.10415127788447333,bank_marketing_full,corrupted,0.1,20260806,census_informed
marital,divorced,1308,0.6028368794326241,0.10244648318042814,0.10779816513761468,bank_marketing_full,corrupted,0.1,20260806,census_informed
age_band,30-44,5936,0.5789473684210527,0.09720350404312668,0.09602425876010781,bank_marketing_full,corrupted,0.1,20260806,census_informed
age_band,45-59,3395,0.5376044568245125,0.09160530191458026,0.10574374079528719,bank_marketing_full,corrupted,0.1,20260806,census_informed
age_band,<30,1699,0.6064981949458483,0.16715715126545028,0.16303708063566805,bank_marketing_full,corrupted,0.1,20260806,census_informed
age_band,60+,273,0.7758620689655172,0.5494505494505495,0.4249084249084249,bank_marketing_full,corrupted,0.1,20260806,census_informed
marital,single,3226,0.6239495798319328,0.15468071915685058,0.14755114693118412,bank_marketing_full,quarantine,0.1,20260806,census_informed
marital,married,6769,0.5546099290780142,0.10311715172108141,0.10415127788447333,bank_marketing_full,quarantine,0.1,20260806,census_informed
marital,divorced,1308,0.5460992907801419,0.095565749235474,0.10779816513761468,bank_marketing_full,quarantine,0.1,20260806,census_informed
age_band,30-44,5936,0.543859649122807,0.09400269541778976,0.09602425876010781,bank_marketing_full,quarantine,0.1,20260806,census_informed
age_band,45-59,3395,0.5403899721448467,0.0898379970544919,0.10574374079528719,bank_marketing_full,quarantine,0.1,20260806,census_informed
age_band,<30,1699,0.6173285198555957,0.17245438493231313,0.16303708063566805,bank_marketing_full,quarantine,0.1,20260806,census_informed
age_band,60+,273,0.7758620689655172,0.608058608058608,0.4249084249084249,bank_marketing_full,quarantine,0.1,20260806,census_informed
marital,single,3226,0.6260504201680672,0.1568505889646621,0.14755114693118412,bank_marketing_full,repair,0.1,20260806,census_informed
marital,married,6769,0.5560283687943263,0.10060570246712956,0.10415127788447333,bank_marketing_full,repair,0.1,20260806,census_informed
marital,divorced,1308,0.6099290780141844,0.10321100917431193,0.10779816513761468,bank_marketing_full,repair,0.1,20260806,census_informed
age_band,30-44,5936,0.5719298245614035,0.09652964959568733,0.09602425876010781,bank_marketing_full,repair,0.1,20260806,census_informed
age_band,45-59,3395,0.520891364902507,0.08924889543446245,0.10574374079528719,bank_marketing_full,repair,0.1,20260806,census_informed
age_band,<30,1699,0.6173285198555957,0.1683343143025309,0.16303708063566805,bank_marketing_full,repair,0.1,20260806,census_informed
age_band,60+,273,0.7931034482758621,0.5860805860805861,0.4249084249084249,bank_marketing_full,repair,0.1,20260806,census_informed
marital,single,3226,0.6554621848739496,0.15034097954122752,0.14755114693118412,bank_marketing_full,clean,0.1,20260807,census_informed
marital,married,6769,0.574468085106383,0.10356034864824937,0.10415127788447333,bank_marketing_full,clean,0.1,20260807,census_informed
marital,divorced,1308,0.5886524822695035,0.10397553516819572,0.10779816513761468,bank_marketing_full,clean,0.1,20260807,census_informed
age_band,30-44,5936,0.5929824561403508,0.09652964959568733,0.09602425876010781,bank_marketing_full,clean,0.1,20260807,census_informed
age_band,45-59,3395,0.5543175487465181,0.09337260677466863,0.10574374079528719,bank_marketing_full,clean,0.1,20260807,census_informed
age_band,<30,1699,0.6209386281588448,0.16009417304296644,0.16303708063566805,bank_marketing_full,clean,0.1,20260807,census_informed
age_band,60+,273,0.7844827586206896,0.5860805860805861,0.4249084249084249,bank_marketing_full,clean,0.1,20260807,census_informed
marital,single,3226,0.6491596638655462,0.15437073775573465,0.14755114693118412,bank_marketing_full,corrupted,0.1,20260807,census_informed
marital,married,6769,0.5659574468085107,0.10208302555768947,0.10415127788447333,bank_marketing_full,corrupted,0.1,20260807,census_informed
marital,divorced,1308,0.574468085106383,0.10168195718654434,0.10779816513761468,bank_marketing_full,corrupted,0.1,20260807,census_informed
age_band,30-44,5936,0.5877192982456141,0.09720350404312668,0.09602425876010781,bank_marketing_full,corrupted,0.1,20260807,census_informed
age_band,45-59,3395,0.5403899721448467,0.09396170839469808,0.10574374079528719,bank_marketing_full,corrupted,0.1,20260807,census_informed
age_band,<30,1699,0.628158844765343,0.16597998822836962,0.16303708063566805,bank_marketing_full,corrupted,0.1,20260807,census_informed
age_band,60+,273,0.7413793103448276,0.5274725274725275,0.4249084249084249,bank_marketing_full,corrupted,0.1,20260807,census_informed
marital,single,3226,0.680672268907563,0.16026038437693738,0.14755114693118412,bank_marketing_full,quarantine,0.1,20260807,census_informed
marital,married,6769,0.5304964539007092,0.09809425321317772,0.10415127788447333,bank_marketing_full,quarantine,0.1,20260807,census_informed
marital,divorced,1308,0.5815602836879432,0.10779816513761468,0.10779816513761468,bank_marketing_full,quarantine,0.1,20260807,census_informed
age_band,30-44,5936,0.5614035087719298,0.09417115902964959,0.09602425876010781,bank_marketing_full,quarantine,0.1,20260807,census_informed
age_band,45-59,3395,0.5097493036211699,0.09278350515463918,0.10574374079528719,bank_marketing_full,quarantine,0.1,20260807,census_informed
age_band,<30,1699,0.6534296028880866,0.16951147733961153,0.16303708063566805,bank_marketing_full,quarantine,0.1,20260807,census_informed
age_band,60+,273,0.8275862068965517,0.5860805860805861,0.4249084249084249,bank_marketing_full,quarantine,0.1,20260807,census_informed
marital,single,3226,0.6428571428571429,0.15437073775573465,0.14755114693118412,bank_marketing_full,repair,0.1,20260807,census_informed
marital,married,6769,0.5546099290780142,0.10223075786674546,0.10415127788447333,bank_marketing_full,repair,0.1,20260807,census_informed
marital,divorced,1308,0.5886524822695035,0.10091743119266056,0.10779816513761468,bank_marketing_full,repair,0.1,20260807,census_informed
age_band,30-44,5936,0.5754385964912281,0.09619272237196766,0.09602425876010781,bank_marketing_full,repair,0.1,20260807,census_informed
age_band,45-59,3395,0.5292479108635098,0.09131075110456553,0.10574374079528719,bank_marketing_full,repair,0.1,20260807,census_informed
age_band,<30,1699,0.6209386281588448,0.16951147733961153,0.16303708063566805,bank_marketing_full,repair,0.1,20260807,census_informed
age_band,60+,273,0.7758620689655172,0.5604395604395604,0.4249084249084249,bank_marketing_full,repair,0.1,20260807,census_informed
marital,single,3226,0.6386554621848739,0.15034097954122752,0.14755114693118412,bank_marketing_full,clean,0.2,20260803,census_informed
marital,married,6769,0.5829787234042553,0.10415127788447333,0.10415127788447333,bank_marketing_full,clean,0.2,20260803,census_informed
marital,divorced,1308,0.574468085106383,0.10091743119266056,0.10779816513761468,bank_marketing_full,clean,0.2,20260803,census_informed
age_band,30-44,5936,0.5894736842105263,0.09669811320754718,0.09602425876010781,bank_marketing_full,clean,0.2,20260803,census_informed
age_band,45-59,3395,0.5487465181058496,0.09455081001472754,0.10574374079528719,bank_marketing_full,clean,0.2,20260803,census_informed
age_band,<30,1699,0.6353790613718412,0.1618599175985874,0.16303708063566805,bank_marketing_full,clean,0.2,20260803,census_informed
age_band,60+,273,0.75,0.5567765567765568,0.4249084249084249,bank_marketing_full,clean,0.2,20260803,census_informed
marital,single,3226,0.6323529411764706,0.15251084934903905,0.14755114693118412,bank_marketing_full,corrupted,0.2,20260803,census_informed
marital,married,6769,0.5617021276595745,0.10252622248485743,0.10415127788447333,bank_marketing_full,corrupted,0.2,20260803,census_informed
marital,divorced,1308,0.6028368794326241,0.10397553516819572,0.10779816513761468,bank_marketing_full,corrupted,0.2,20260803,census_informed
age_band,30-44,5936,0.5719298245614035,0.09349730458221024,0.09602425876010781,bank_marketing_full,corrupted,0.2,20260803,census_informed
age_band,45-59,3395,0.5431754874651811,0.09513991163475699,0.10574374079528719,bank_marketing_full,corrupted,0.2,20260803,census_informed
age_band,<30,1699,0.6245487364620939,0.1718658034137728,0.16303708063566805,bank_marketing_full,corrupted,0.2,20260803,census_informed
age_band,60+,273,0.7586206896551724,0.5567765567765568,0.4249084249084249,bank_marketing_full,corrupted,0.2,20260803,census_informed
marital,single,3226,0.6218487394957983,0.1500309981401116,0.14755114693118412,bank_marketing_full,quarantine,0.2,20260803,census_informed
marital,married,6769,0.5375886524822695,0.10488993942975329,0.10415127788447333,bank_marketing_full,quarantine,0.2,20260803,census_informed
marital,divorced,1308,0.5035460992907801,0.09785932721712538,0.10779816513761468,bank_marketing_full,quarantine,0.2,20260803,census_informed
age_band,30-44,5936,0.5210526315789473,0.0911388140161725,0.09602425876010781,bank_marketing_full,quarantine,0.2,20260803,census_informed
age_band,45-59,3395,0.5515320334261838,0.10309278350515463,0.10574374079528719,bank_marketing_full,quarantine,0.2,20260803,census_informed
age_band,<30,1699,0.6137184115523465,0.16951147733961153,0.16303708063566805,bank_marketing_full,quarantine,0.2,20260803,census_informed
age_band,60+,273,0.6982758620689655,0.5238095238095238,0.4249084249084249,bank_marketing_full,quarantine,0.2,20260803,census_informed
marital,single,3226,0.6512605042016807,0.15313081215127092,0.14755114693118412,bank_marketing_full,repair,0.2,20260803,census_informed
marital,married,6769,0.5560283687943263,0.10178756093957748,0.10415127788447333,bank_marketing_full,repair,0.2,20260803,census_informed
marital,divorced,1308,0.5886524822695035,0.10626911314984709,0.10779816513761468,bank_marketing_full,repair,0.2,20260803,census_informed
age_band,30-44,5936,0.5771929824561404,0.09737196765498653,0.09602425876010781,bank_marketing_full,repair,0.2,20260803,census_informed
age_band,45-59,3395,0.5598885793871866,0.09425625920471281,0.10574374079528719,bank_marketing_full,repair,0.2,20260803,census_informed
age_band,<30,1699,0.6209386281588448,0.16597998822836962,0.16303708063566805,bank_marketing_full,repair,0.2,20260803,census_informed
age_band,60+,273,0.7155172413793104,0.5201465201465202,0.4249084249084249,bank_marketing_full,repair,0.2,20260803,census_informed
marital,single,3226,0.6722689075630253,0.15468071915685058,0.14755114693118412,bank_marketing_full,clean,0.2,20260804,census_informed
marital,married,6769,0.5687943262411348,0.10267395479391343,0.10415127788447333,bank_marketing_full,clean,0.2,20260804,census_informed
marital,divorced,1308,0.5957446808510638,0.09785932721712538,0.10779816513761468,bank_marketing_full,clean,0.2,20260804,census_informed
age_band,30-44,5936,0.6017543859649123,0.09568733153638814,0.09602425876010781,bank_marketing_full,clean,0.2,20260804,census_informed
age_band,45-59,3395,0.5403899721448467,0.09425625920471281,0.10574374079528719,bank_marketing_full,clean,0.2,20260804,census_informed
age_band,<30,1699,0.6534296028880866,0.16715715126545028,0.16303708063566805,bank_marketing_full,clean,0.2,20260804,census_informed
age_band,60+,273,0.75,0.5494505494505495,0.4249084249084249,bank_marketing_full,clean,0.2,20260804,census_informed
marital,single,3226,0.6428571428571429,0.15406075635461872,0.14755114693118412,bank_marketing_full,corrupted,0.2,20260804,census_informed
marital,married,6769,0.5758865248226951,0.10193529324863347,0.10415127788447333,bank_marketing_full,corrupted,0.2,20260804,census_informed
marital,divorced,1308,0.5815602836879432,0.10321100917431193,0.10779816513761468,bank_marketing_full,corrupted,0.2,20260804,census_informed
age_band,30-44,5936,0.5736842105263158,0.09535040431266846,0.09602425876010781,bank_marketing_full,corrupted,0.2,20260804,census_informed
age_band,45-59,3395,0.5793871866295265,0.09749631811487482,0.10574374079528719,bank_marketing_full,corrupted,0.2,20260804,census_informed
age_band,<30,1699,0.628158844765343,0.16715715126545028,0.16303708063566805,bank_marketing_full,corrupted,0.2,20260804,census_informed
age_band,60+,273,0.7327586206896551,0.5164835164835165,0.4249084249084249,bank_marketing_full,corrupted,0.2,20260804,census_informed
marital,single,3226,0.6071428571428571,0.14600123992560446,0.14755114693118412,bank_marketing_full,quarantine,0.2,20260804,census_informed
marital,married,6769,0.548936170212766,0.10503767173880928,0.10415127788447333,bank_marketing_full,quarantine,0.2,20260804,census_informed
marital,divorced,1308,0.5957446808510638,0.10703363914373089,0.10779816513761468,bank_marketing_full,quarantine,0.2,20260804,census_informed
age_band,30-44,5936,0.5684210526315789,0.09888814016172506,0.09602425876010781,bank_marketing_full,quarantine,0.2,20260804,census_informed
age_band,45-59,3395,0.5766016713091922,0.10279823269513991,0.10574374079528719,bank_marketing_full,quarantine,0.2,20260804,census_informed
age_band,<30,1699,0.5342960288808665,0.14361389052383755,0.16303708063566805,bank_marketing_full,quarantine,0.2,20260804,census_informed
age_band,60+,273,0.6982758620689655,0.5201465201465202,0.4249084249084249,bank_marketing_full,quarantine,0.2,20260804,census_informed
marital,single,3226,0.6512605042016807,0.1568505889646621,0.14755114693118412,bank_marketing_full,repair,0.2,20260804,census_informed
marital,married,6769,0.5588652482269504,0.10119663170335352,0.10415127788447333,bank_marketing_full,repair,0.2,20260804,census_informed
marital,divorced,1308,0.5531914893617021,0.10015290519877676,0.10779816513761468,bank_marketing_full,repair,0.2,20260804,census_informed
age_band,30-44,5936,0.5578947368421052,0.09450808625336928,0.09602425876010781,bank_marketing_full,repair,0.2,20260804,census_informed
age_band,45-59,3395,0.5543175487465181,0.09631811487481591,0.10574374079528719,bank_marketing_full,repair,0.2,20260804,census_informed
age_band,<30,1699,0.631768953068592,0.16951147733961153,0.16303708063566805,bank_marketing_full,repair,0.2,20260804,census_informed
age_band,60+,273,0.7758620689655172,0.5347985347985348,0.4249084249084249,bank_marketing_full,repair,0.2,20260804,census_informed
marital,single,3226,0.657563025210084,0.15499070055796652,0.14755114693118412,bank_marketing_full,clean,0.2,20260805,census_informed
marital,married,6769,0.5673758865248227,0.10252622248485743,0.10415127788447333,bank_marketing_full,clean,0.2,20260805,census_informed
marital,divorced,1308,0.5673758865248227,0.09785932721712538,0.10779816513761468,bank_marketing_full,clean,0.2,20260805,census_informed
age_band,30-44,5936,0.5894736842105263,0.09652964959568733,0.09602425876010781,bank_marketing_full,clean,0.2,20260805,census_informed
age_band,45-59,3395,0.5348189415041783,0.09278350515463918,0.10574374079528719,bank_marketing_full,clean,0.2,20260805,census_informed
age_band,<30,1699,0.631768953068592,0.16303708063566805,0.16303708063566805,bank_marketing_full,clean,0.2,20260805,census_informed
age_band,60+,273,0.7758620689655172,0.575091575091575,0.4249084249084249,bank_marketing_full,clean,0.2,20260805,census_informed
marital,single,3226,0.6428571428571429,0.15468071915685058,0.14755114693118412,bank_marketing_full,corrupted,0.2,20260805,census_informed
marital,married,6769,0.5546099290780142,0.10119663170335352,0.10415127788447333,bank_marketing_full,corrupted,0.2,20260805,census_informed
marital,divorced,1308,0.5957446808510638,0.10550458715596331,0.10779816513761468,bank_marketing_full,corrupted,0.2,20260805,census_informed
age_band,30-44,5936,0.5508771929824562,0.09433962264150944,0.09602425876010781,bank_marketing_full,corrupted,0.2,20260805,census_informed
age_band,45-59,3395,0.5543175487465181,0.09543446244477172,0.10574374079528719,bank_marketing_full,corrupted,0.2,20260805,census_informed
age_band,<30,1699,0.6534296028880866,0.17245438493231313,0.16303708063566805,bank_marketing_full,corrupted,0.2,20260805,census_informed
age_band,60+,273,0.75,0.5311355311355311,0.4249084249084249,bank_marketing_full,corrupted,0.2,20260805,census_informed
marital,single,3226,0.6260504201680672,0.1605703657780533,0.14755114693118412,bank_marketing_full,quarantine,0.2,20260805,census_informed
marital,married,6769,0.5319148936170213,0.09986704092184961,0.10415127788447333,bank_marketing_full,quarantine,0.2,20260805,census_informed
marital,divorced,1308,0.5177304964539007,0.09785932721712538,0.10779816513761468,bank_marketing_full,quarantine,0.2,20260805,census_informed
age_band,30-44,5936,0.5421052631578948,0.09501347708894879,0.09602425876010781,bank_marketing_full,quarantine,0.2,20260805,census_informed
age_band,45-59,3395,0.5236768802228412,0.09749631811487482,0.10574374079528719,bank_marketing_full,quarantine,0.2,20260805,census_informed
age_band,<30,1699,0.628158844765343,0.1718658034137728,0.16303708063566805,bank_marketing_full,quarantine,0.2,20260805,census_informed
age_band,60+,273,0.646551724137931,0.4945054945054945,0.4249084249084249,bank_marketing_full,quarantine,0.2,20260805,census_informed
marital,single,3226,0.6323529411764706,0.15375077495350278,0.14755114693118412,bank_marketing_full,repair,0.2,20260805,census_informed
marital,married,6769,0.5815602836879432,0.10252622248485743,0.10415127788447333,bank_marketing_full,repair,0.2,20260805,census_informed
marital,divorced,1308,0.5957446808510638,0.10091743119266056,0.10779816513761468,bank_marketing_full,repair,0.2,20260805,census_informed
age_band,30-44,5936,0.5824561403508772,0.09669811320754718,0.09602425876010781,bank_marketing_full,repair,0.2,20260805,census_informed
age_band,45-59,3395,0.5598885793871866,0.09366715758468336,0.10574374079528719,bank_marketing_full,repair,0.2,20260805,census_informed
age_band,<30,1699,0.6389891696750902,0.16892289582107123,0.16303708063566805,bank_marketing_full,repair,0.2,20260805,census_informed
age_band,60+,273,0.7327586206896551,0.5238095238095238,0.4249084249084249,bank_marketing_full,repair,0.2,20260805,census_informed
marital,single,3226,0.657563025210084,0.15282083075015498,0.14755114693118412,bank_marketing_full,clean,0.2,20260806,census_informed
marital,married,6769,0.5702127659574469,0.10252622248485743,0.10415127788447333,bank_marketing_full,clean,0.2,20260806,census_informed
marital,divorced,1308,0.5886524822695035,0.10321100917431193,0.10779816513761468,bank_marketing_full,clean,0.2,20260806,census_informed
age_band,30-44,5936,0.5894736842105263,0.09585579514824798,0.09602425876010781,bank_marketing_full,clean,0.2,20260806,census_informed
age_band,45-59,3395,0.5403899721448467,0.09278350515463918,0.10574374079528719,bank_marketing_full,clean,0.2,20260806,census_informed
age_band,<30,1699,0.6425992779783394,0.16656856974690995,0.16303708063566805,bank_marketing_full,clean,0.2,20260806,census_informed
age_band,60+,273,0.7758620689655172,0.5677655677655677,0.4249084249084249,bank_marketing_full,clean,0.2,20260806,census_informed
marital,single,3226,0.6701680672268907,0.16212027278363297,0.14755114693118412,bank_marketing_full,corrupted,0.2,20260806,census_informed
marital,married,6769,0.5304964539007092,0.09720785935884178,0.10415127788447333,bank_marketing_full,corrupted,0.2,20260806,census_informed
marital,divorced,1308,0.6099290780141844,0.10779816513761468,0.10779816513761468,bank_marketing_full,corrupted,0.2,20260806,census_informed
age_band,30-44,5936,0.5596491228070175,0.09585579514824798,0.09602425876010781,bank_marketing_full,corrupted,0.2,20260806,census_informed
age_band,45-59,3395,0.5264623955431755,0.091899852724595,0.10574374079528719,bank_marketing_full,corrupted,0.2,20260806,census_informed
age_band,<30,1699,0.6570397111913358,0.17598587404355504,0.16303708063566805,bank_marketing_full,corrupted,0.2,20260806,census_informed
age_band,60+,273,0.7672413793103449,0.5201465201465202,0.4249084249084249,bank_marketing_full,corrupted,0.2,20260806,census_informed
marital,single,3226,0.6092436974789915,0.1509609423434594,0.14755114693118412,bank_marketing_full,quarantine,0.2,20260806,census_informed
marital,married,6769,0.526241134751773,0.10385581326636135,0.10415127788447333,bank_marketing_full,quarantine,0.2,20260806,census_informed
marital,divorced,1308,0.574468085106383,0.10091743119266056,0.10779816513761468,bank_marketing_full,quarantine,0.2,20260806,census_informed
age_band,30-44,5936,0.5561403508771929,0.10057277628032345,0.09602425876010781,bank_marketing_full,quarantine,0.2,20260806,census_informed
age_band,45-59,3395,0.479108635097493,0.08541973490427099,0.10574374079528719,bank_marketing_full,quarantine,0.2,20260806,census_informed
age_band,<30,1699,0.6101083032490975,0.1748087110064744,0.16303708063566805,bank_marketing_full,quarantine,0.2,20260806,census_informed
age_band,60+,273,0.7241379310344828,0.5054945054945055,0.4249084249084249,bank_marketing_full,quarantine,0.2,20260806,census_informed
marital,single,3226,0.6617647058823529,0.15809051456912585,0.14755114693118412,bank_marketing_full,repair,0.2,20260806,census_informed
marital,married,6769,0.5588652482269504,0.10134436401240951,0.10415127788447333,bank_marketing_full,repair,0.2,20260806,census_informed
marital,divorced,1308,0.5602836879432624,0.0963302752293578,0.10779816513761468,bank_marketing_full,repair,0.2,20260806,census_informed
age_band,30-44,5936,0.5982456140350877,0.09703504043126684,0.09602425876010781,bank_marketing_full,repair,0.2,20260806,census_informed
age_band,45-59,3395,0.520891364902507,0.09013254786450663,0.10574374079528719,bank_marketing_full,repair,0.2,20260806,census_informed
age_band,<30,1699,0.631768953068592,0.17127722189523248,0.16303708063566805,bank_marketing_full,repair,0.2,20260806,census_informed
age_band,60+,273,0.7327586206896551,0.5457875457875457,0.4249084249084249,bank_marketing_full,repair,0.2,20260806,census_informed
marital,single,3226,0.6554621848739496,0.15034097954122752,0.14755114693118412,bank_marketing_full,clean,0.2,20260807,census_informed
marital,married,6769,0.574468085106383,0.10356034864824937,0.10415127788447333,bank_marketing_full,clean,0.2,20260807,census_informed
marital,divorced,1308,0.5886524822695035,0.10397553516819572,0.10779816513761468,bank_marketing_full,clean,0.2,20260807,census_informed
age_band,30-44,5936,0.5929824561403508,0.09652964959568733,0.09602425876010781,bank_marketing_full,clean,0.2,20260807,census_informed
age_band,45-59,3395,0.5543175487465181,0.09337260677466863,0.10574374079528719,bank_marketing_full,clean,0.2,20260807,census_informed
age_band,<30,1699,0.6209386281588448,0.16009417304296644,0.16303708063566805,bank_marketing_full,clean,0.2,20260807,census_informed
age_band,60+,273,0.7844827586206896,0.5860805860805861,0.4249084249084249,bank_marketing_full,clean,0.2,20260807,census_informed
marital,single,3226,0.6533613445378151,0.15468071915685058,0.14755114693118412,bank_marketing_full,corrupted,0.2,20260807,census_informed
marital,married,6769,0.5716312056737589,0.10178756093957748,0.10415127788447333,bank_marketing_full,corrupted,0.2,20260807,census_informed
marital,divorced,1308,0.5886524822695035,0.10244648318042814,0.10779816513761468,bank_marketing_full,corrupted,0.2,20260807,census_informed
age_band,30-44,5936,0.5754385964912281,0.09467654986522911,0.09602425876010781,bank_marketing_full,corrupted,0.2,20260807,census_informed
age_band,45-59,3395,0.5626740947075209,0.09602356406480118,0.10574374079528719,bank_marketing_full,corrupted,0.2,20260807,census_informed
age_band,<30,1699,0.6353790613718412,0.17010005885815185,0.16303708063566805,bank_marketing_full,corrupted,0.2,20260807,census_informed
age_band,60+,273,0.7844827586206896,0.5311355311355311,0.4249084249084249,bank_marketing_full,corrupted,0.2,20260807,census_informed
marital,single,3226,0.6491596638655462,0.1596404215747055,0.14755114693118412,bank_marketing_full,quarantine,0.2,20260807,census_informed
marital,married,6769,0.5546099290780142,0.10223075786674546,0.10415127788447333,bank_marketing_full,quarantine,0.2,20260807,census_informed
marital,divorced,1308,0.49645390070921985,0.08792048929663608,0.10779816513761468,bank_marketing_full,quarantine,0.2,20260807,census_informed
age_band,30-44,5936,0.5578947368421052,0.09652964959568733,0.09602425876010781,bank_marketing_full,quarantine,0.2,20260807,census_informed
age_band,45-59,3395,0.5487465181058496,0.09484536082474226,0.10574374079528719,bank_marketing_full,quarantine,0.2,20260807,census_informed
age_band,<30,1699,0.628158844765343,0.16774573278399058,0.16303708063566805,bank_marketing_full,quarantine,0.2,20260807,census_informed
age_band,60+,273,0.6982758620689655,0.5201465201465202,0.4249084249084249,bank_marketing_full,quarantine,0.2,20260807,census_informed
marital,single,3226,0.6449579831932774,0.15561066336019838,0.14755114693118412,bank_marketing_full,repair,0.2,20260807,census_informed
marital,married,6769,0.5645390070921986,0.10075343477618555,0.10415127788447333,bank_marketing_full,repair,0.2,20260807,census_informed
marital,divorced,1308,0.6028368794326241,0.10550458715596331,0.10779816513761468,bank_marketing_full,repair,0.2,20260807,census_informed
age_band,30-44,5936,0.5771929824561404,0.09585579514824798,0.09602425876010781,bank_marketing_full,repair,0.2,20260807,census_informed
age_band,45-59,3395,0.5543175487465181,0.09455081001472754,0.10574374079528719,bank_marketing_full,repair,0.2,20260807,census_informed
age_band,<30,1699,0.6245487364620939,0.16715715126545028,0.16303708063566805,bank_marketing_full,repair,0.2,20260807,census_informed
age_band,60+,273,0.7672413793103449,0.5421245421245421,0.4249084249084249,bank_marketing_full,repair,0.2,20260807,census_informed
race,Caucasian,19029,0.25917324663260566,0.11267013505701824,0.11314309737768669,diabetes_130us,clean,0.05,20260803,census_informed
race,AfricanAmerican,4820,0.27715355805243447,0.11618257261410789,0.11078838174273858,diabetes_130us,clean,0.05,20260803,census_informed
race,Other,350,0.34615384615384615,0.08285714285714285,0.07428571428571429,diabetes_130us,clean,0.05,20260803,census_informed
race,?,577,0.1346153846153846,0.05719237435008666,0.09012131715771231,diabetes_130us,clean,0.05,20260803,census_informed
race,Hispanic,518,0.38095238095238093,0.12162162162162163,0.12162162162162163,diabetes_130us,clean,0.05,20260803,census_informed
race,Asian,148,0.18181818181818182,0.06756756756756757,0.07432432432432433,diabetes_130us,clean,0.05,20260803,census_informed
gender,Female,13667,0.2812299807815503,0.11516792273359186,0.1142167264213068,diabetes_130us,clean,0.05,20260803,census_informed
gender,Male,11775,0.24178403755868544,0.10743099787685775,0.10853503184713376,diabetes_130us,clean,0.05,20260803,census_informed
race,Caucasian,19029,0.25592196934509986,0.11130379946397603,0.11314309737768669,diabetes_130us,corrupted,0.05,20260803,census_informed
race,AfricanAmerican,4820,0.2902621722846442,0.11742738589211618,0.11078838174273858,diabetes_130us,corrupted,0.05,20260803,census_informed
race,Other,350,0.34615384615384615,0.10285714285714286,0.07428571428571429,diabetes_130us,corrupted,0.05,20260803,census_informed
race,?,577,0.17307692307692307,0.058925476603119586,0.09012131715771231,diabetes_130us,corrupted,0.05,20260803,census_informed
race,Hispanic,518,0.3492063492063492,0.12548262548262548,0.12162162162162163,diabetes_130us,corrupted,0.05,20260803,census_informed
race,Asian,148,0.18181818181818182,0.13513513513513514,0.07432432432432433,diabetes_130us,corrupted,0.05,20260803,census_informed
gender,Female,13667,0.2703395259449071,0.11099729274895734,0.1142167264213068,diabetes_130us,corrupted,0.05,20260803,census_informed
gender,Male,11775,0.25508607198748046,0.11227176220806794,0.10853503184713376,diabetes_130us,corrupted,0.05,20260803,census_informed
race,Caucasian,19029,0.2573153738968881,0.11198696726049713,0.11314309737768669,diabetes_130us,quarantine,0.05,20260803,census_informed
race,AfricanAmerican,4820,0.27715355805243447,0.11493775933609958,0.11078838174273858,diabetes_130us,quarantine,0.05,20260803,census_informed
race,Other,350,0.2692307692307692,0.09714285714285714,0.07428571428571429,diabetes_130us,quarantine,0.05,20260803,census_informed
race,?,577,0.09615384615384616,0.05025996533795494,0.09012131715771231,diabetes_130us,quarantine,0.05,20260803,census_informed
race,Hispanic,518,0.42857142857142855,0.138996138996139,0.12162162162162163,diabetes_130us,quarantine,0.05,20260803,census_informed
race,Asian,148,0.2727272727272727,0.12837837837837837,0.07432432432432433,diabetes_130us,quarantine,0.05,20260803,census_informed
gender,Female,13667,0.26201153106982705,0.10814370381210214,0.1142167264213068,diabetes_130us,quarantine,0.05,20260803,census_informed
gender,Male,11775,0.2621283255086072,0.11558386411889597,0.10853503184713376,diabetes_130us,quarantine,0.05,20260803,census_informed
race,Caucasian,19029,0.25685090571295865,0.1120395186294603,0.11314309737768669,diabetes_130us,repair,0.05,20260803,census_informed
race,AfricanAmerican,4820,0.27153558052434457,0.11701244813278008,0.11078838174273858,diabetes_130us,repair,0.05,20260803,census_informed
race,Other,350,0.3076923076923077,0.08285714285714285,0.07428571428571429,diabetes_130us,repair,0.05,20260803,census_informed
race,?,577,0.1346153846153846,0.06412478336221837,0.09012131715771231,diabetes_130us,repair,0.05,20260803,census_informed
race,Hispanic,518,0.3492063492063492,0.12548262548262548,0.12162162162162163,diabetes_130us,repair,0.05,20260803,census_informed
race,Asian,148,0.18181818181818182,0.08108108108108109,0.07432432432432433,diabetes_130us,repair,0.05,20260803,census_informed
gender,Female,13667,0.27226137091607944,0.11509475378649302,0.1142167264213068,diabetes_130us,repair,0.05,20260803,census_informed
gender,Male,11775,0.24413145539906103,0.10751592356687899,0.10853503184713376,diabetes_130us,repair,0.05,20260803,census_informed
race,Caucasian,19029,0.25359962842545286,0.11277523779494456,0.11314309737768669,diabetes_130us,clean,0.05,20260804,census_informed
race,AfricanAmerican,4820,0.27715355805243447,0.11535269709543569,0.11078838174273858,diabetes_130us,clean,0.05,20260804,census_informed
race,Other,350,0.3076923076923077,0.09142857142857143,0.07428571428571429,diabetes_130us,clean,0.05,20260804,census_informed
race,?,577,0.1346153846153846,0.043327556325823226,0.09012131715771231,diabetes_130us,clean,0.05,20260804,census_informed
race,Hispanic,518,0.38095238095238093,0.12162162162162163,0.12162162162162163,diabetes_130us,clean,0.05,20260804,census_informed
race,Asian,148,0.0,0.11486486486486487,0.07432432432432433,diabetes_130us,clean,0.05,20260804,census_informed
gender,Female,13667,0.2607303010890455,0.10975342064827687,0.1142167264213068,diabetes_130us,clean,0.05,20260804,census_informed
gender,Male,11775,0.25508607198748046,0.11371549893842887,0.10853503184713376,diabetes_130us,clean,0.05,20260804,census_informed
race,Caucasian,19029,0.2596377148165351,0.11177676178464449,0.11314309737768669,diabetes_130us,corrupted,0.05,20260804,census_informed
race,AfricanAmerican,4820,0.26591760299625467,0.11742738589211618,0.11078838174273858,diabetes_130us,corrupted,0.05,20260804,census_informed
race,Other,350,0.34615384615384615,0.09714285714285714,0.07428571428571429,diabetes_130us,corrupted,0.05,20260804,census_informed
race,?,577,0.1346153846153846,0.053726169844020795,0.09012131715771231,diabetes_130us,corrupted,0.05,20260804,census_informed
race,Hispanic,518,0.4126984126984127,0.11776061776061776,0.12162162162162163,diabetes_130us,corrupted,0.05,20260804,census_informed
race,Asian,148,0.18181818181818182,0.13513513513513514,0.07432432432432433,diabetes_130us,corrupted,0.05,20260804,census_informed
gender,Female,13667,0.26713645099295324,0.10938757591278261,0.1142167264213068,diabetes_130us,corrupted,0.05,20260804,census_informed
gender,Male,11775,0.2566510172143975,0.11414012738853503,0.10853503184713376,diabetes_130us,corrupted,0.05,20260804,census_informed
race,Caucasian,19029,0.2619600557361821,0.11356350832939198,0.11314309737768669,diabetes_130us,quarantine,0.05,20260804,census_informed
race,AfricanAmerican,4820,0.26591760299625467,0.11182572614107884,0.11078838174273858,diabetes_130us,quarantine,0.05,20260804,census_informed
race,Other,350,0.3076923076923077,0.08571428571428572,0.07428571428571429,diabetes_130us,quarantine,0.05,20260804,census_informed
race,?,577,0.09615384615384616,0.04852686308492201,0.09012131715771231,diabetes_130us,quarantine,0.05,20260804,census_informed
race,Hispanic,518,0.38095238095238093,0.11776061776061776,0.12162162162162163,diabetes_130us,quarantine,0.05,20260804,census_informed
race,Asian,148,0.18181818181818182,0.13513513513513514,0.07432432432432433,diabetes_130us,quarantine,0.05,20260804,census_informed
gender,Female,13667,0.2729019859064702,0.11238750274383552,0.1142167264213068,diabetes_130us,quarantine,0.05,20260804,census_informed
gender,Male,11775,0.24960876369327073,0.11065817409766454,0.10853503184713376,diabetes_130us,quarantine,0.05,20260804,census_informed
race,Caucasian,19029,0.25359962842545286,0.11167165904671816,0.11314309737768669,diabetes_130us,repair,0.05,20260804,census_informed
race,AfricanAmerican,4820,0.2602996254681648,0.11867219917012448,0.11078838174273858,diabetes_130us,repair,0.05,20260804,census_informed
race,Other,350,0.34615384615384615,0.09428571428571429,0.07428571428571429,diabetes_130us,repair,0.05,20260804,census_informed
race,?,577,0.09615384615384616,0.05719237435008666,0.09012131715771231,diabetes_130us,repair,0.05,20260804,census_informed
race,Hispanic,518,0.38095238095238093,0.12934362934362933,0.12162162162162163,diabetes_130us,repair,0.05,20260804,census_informed
race,Asian,148,0.09090909090909091,0.060810810810810814,0.07432432432432433,diabetes_130us,repair,0.05,20260804,census_informed
gender,Female,13667,0.26649583600256244,0.1169239774639643,0.1142167264213068,diabetes_130us,repair,0.05,20260804,census_informed
gender,Male,11775,0.24100156494522693,0.10539278131634819,0.10853503184713376,diabetes_130us,repair,0.05,20260804,census_informed
race,Caucasian,19029,0.25824431026474687,0.11167165904671816,0.11314309737768669,diabetes_130us,clean,0.05,20260805,census_informed
race,AfricanAmerican,4820,0.2883895131086142,0.11825726141078838,0.11078838174273858,diabetes_130us,clean,0.05,20260805,census_informed
race,Other,350,0.34615384615384615,0.08857142857142856,0.07428571428571429,diabetes_130us,clean,0.05,20260805,census_informed
race,?,577,0.1346153846153846,0.04679376083188908,0.09012131715771231,diabetes_130us,clean,0.05,20260805,census_informed
race,Hispanic,518,0.3968253968253968,0.13320463320463322,0.12162162162162163,diabetes_130us,clean,0.05,20260805,census_informed
race,Asian,148,0.2727272727272727,0.11486486486486487,0.07432432432432433,diabetes_130us,clean,0.05,20260805,census_informed
gender,Female,13667,0.2716207559256887,0.11216799590253897,0.1142167264213068,diabetes_130us,clean,0.05,20260805,census_informed
gender,Male,11775,0.25821596244131456,0.11091295116772824,0.10853503184713376,diabetes_130us,clean,0.05,20260805,census_informed
race,Caucasian,19029,0.26010218300046445,0.11230227547427611,0.11314309737768669,diabetes_130us,corrupted,0.05,20260805,census_informed
race,AfricanAmerican,4820,0.27715355805243447,0.11493775933609958,0.11078838174273858,diabetes_130us,corrupted,0.05,20260805,census_informed
race,Other,350,0.3076923076923077,0.08285714285714285,0.07428571428571429,diabetes_130us,corrupted,0.05,20260805,census_informed
race,?,577,0.11538461538461539,0.04679376083188908,0.09012131715771231,diabetes_130us,corrupted,0.05,20260805,census_informed
race,Hispanic,518,0.4126984126984127,0.13320463320463322,0.12162162162162163,diabetes_130us,corrupted,0.05,20260805,census_informed
race,Asian,148,0.2727272727272727,0.1554054054054054,0.07432432432432433,diabetes_130us,corrupted,0.05,20260805,census_informed
gender,Female,13667,0.2767456758488149,0.11509475378649302,0.1142167264213068,diabetes_130us,corrupted,0.05,20260805,census_informed
gender,Male,11775,0.24960876369327073,0.10751592356687899,0.10853503184713376,diabetes_130us,corrupted,0.05,20260805,census_informed
race,Caucasian,19029,0.25452856479331165,0.11188186452257082,0.11314309737768669,diabetes_130us,quarantine,0.05,20260805,census_informed
race,AfricanAmerican,4820,0.27340823970037453,0.11369294605809128,0.11078838174273858,diabetes_130us,quarantine,0.05,20260805,census_informed
race,Other,350,0.3076923076923077,0.10857142857142857,0.07428571428571429,diabetes_130us,quarantine,0.05,20260805,census_informed
race,?,577,0.11538461538461539,0.058925476603119586,0.09012131715771231,diabetes_130us,quarantine,0.05,20260805,census_informed
race,Hispanic,518,0.38095238095238093,0.11969111969111969,0.12162162162162163,diabetes_130us,quarantine,0.05,20260805,census_informed
race,Asian,148,0.18181818181818182,0.1891891891891892,0.07432432432432433,diabetes_130us,quarantine,0.05,20260805,census_informed
gender,Female,13667,0.26201153106982705,0.1085095485475964,0.1142167264213068,diabetes_130us,quarantine,0.05,20260805,census_informed
gender,Male,11775,0.2543035993740219,0.11515923566878981,0.10853503184713376,diabetes_130us,quarantine,0.05,20260805,census_informed
race,Caucasian,19029,0.2517417556897353,0.11224972410531295,0.11314309737768669,diabetes_130us,repair,0.05,20260805,census_informed
race,AfricanAmerican,4820,0.2640449438202247,0.11556016597510374,0.11078838174273858,diabetes_130us,repair,0.05,20260805,census_informed
race,Other,350,0.3076923076923077,0.08,0.07428571428571429,diabetes_130us,repair,0.05,20260805,census_informed
race,?,577,0.15384615384615385,0.058925476603119586,0.09012131715771231,diabetes_130us,repair,0.05,20260805,census_informed
race,Hispanic,518,0.38095238095238093,0.13127413127413126,0.12162162162162163,diabetes_130us,repair,0.05,20260805,census_informed
race,Asian,148,0.36363636363636365,0.10810810810810811,0.07432432432432433,diabetes_130us,repair,0.05,20260805,census_informed
gender,Female,13667,0.2754644458680333,0.11568010536328382,0.1142167264213068,diabetes_130us,repair,0.05,20260805,census_informed
gender,Male,11775,0.2323943661971831,0.10683651804670913,0.10853503184713376,diabetes_130us,repair,0.05,20260805,census_informed
race,Caucasian,19029,0.25452856479331165,0.111619107677755,0.11314309737768669,diabetes_130us,clean,0.05,20260806,census_informed
race,AfricanAmerican,4820,0.27340823970037453,0.11825726141078838,0.11078838174273858,diabetes_130us,clean,0.05,20260806,census_informed
race,Other,350,0.34615384615384615,0.09142857142857143,0.07428571428571429,diabetes_130us,clean,0.05,20260806,census_informed
race,?,577,0.057692307692307696,0.04679376083188908,0.09012131715771231,diabetes_130us,clean,0.05,20260806,census_informed
race,Hispanic,518,0.38095238095238093,0.1274131274131274,0.12162162162162163,diabetes_130us,clean,0.05,20260806,census_informed
race,Asian,148,0.2727272727272727,0.13513513513513514,0.07432432432432433,diabetes_130us,clean,0.05,20260806,census_informed
gender,Female,13667,0.26137091607943624,0.10865588644179411,0.1142167264213068,diabetes_130us,clean,0.05,20260806,census_informed
gender,Male,11775,0.2543035993740219,0.11498938428874735,0.10853503184713376,diabetes_130us,clean,0.05,20260806,census_informed
race,Caucasian,19029,0.2587087784486763,0.11288034053287088,0.11314309737768669,diabetes_130us,corrupted,0.05,20260806,census_informed
race,AfricanAmerican,4820,0.2696629213483146,0.11410788381742738,0.11078838174273858,diabetes_130us,corrupted,0.05,20260806,census_informed
race,Other,350,0.38461538461538464,0.09142857142857143,0.07428571428571429,diabetes_130us,corrupted,0.05,20260806,census_informed
race,?,577,0.17307692307692307,0.045060658578856154,0.09012131715771231,diabetes_130us,corrupted,0.05,20260806,census_informed
race,Hispanic,518,0.3968253968253968,0.1138996138996139,0.12162162162162163,diabetes_130us,corrupted,0.05,20260806,census_informed
race,Asian,148,0.18181818181818182,0.16216216216216217,0.07432432432432433,diabetes_130us,corrupted,0.05,20260806,census_informed
gender,Female,13667,0.2703395259449071,0.11238750274383552,0.1142167264213068,diabetes_130us,corrupted,0.05,20260806,census_informed
gender,Male,11775,0.2543035993740219,0.11065817409766454,0.10853503184713376,diabetes_130us,corrupted,0.05,20260806,census_informed
race,Caucasian,19029,0.2573153738968881,0.11230227547427611,0.11314309737768669,diabetes_130us,quarantine,0.05,20260806,census_informed
race,AfricanAmerican,4820,0.26591760299625467,0.11763485477178423,0.11078838174273858,diabetes_130us,quarantine,0.05,20260806,census_informed
race,Other,350,0.2692307692307692,0.08285714285714285,0.07428571428571429,diabetes_130us,quarantine,0.05,20260806,census_informed
race,?,577,0.15384615384615385,0.058925476603119586,0.09012131715771231,diabetes_130us,quarantine,0.05,20260806,census_informed
race,Hispanic,518,0.31746031746031744,0.10617760617760617,0.12162162162162163,diabetes_130us,quarantine,0.05,20260806,census_informed
race,Asian,148,0.2727272727272727,0.11486486486486487,0.07432432432432433,diabetes_130us,quarantine,0.05,20260806,census_informed
gender,Female,13667,0.27802690582959644,0.11853369430013902,0.1142167264213068,diabetes_130us,quarantine,0.05,20260806,census_informed
gender,Male,11775,0.2347417840375587,0.1035244161358811,0.10853503184713376,diabetes_130us,quarantine,0.05,20260806,census_informed
race,Caucasian,19029,0.25127728750580586,0.11219717273634978,0.11314309737768669,diabetes_130us,repair,0.05,20260806,census_informed
race,AfricanAmerican,4820,0.26779026217228463,0.11597510373443984,0.11078838174273858,diabetes_130us,repair,0.05,20260806,census_informed
race,Other,350,0.38461538461538464,0.09142857142857143,0.07428571428571429,diabetes_130us,repair,0.05,20260806,census_informed
race,?,577,0.11538461538461539,0.060658578856152515,0.09012131715771231,diabetes_130us,repair,0.05,20260806,census_informed
race,Hispanic,518,0.4126984126984127,0.12548262548262548,0.12162162162162163,diabetes_130us,repair,0.05,20260806,census_informed
race,Asian,148,0.2727272727272727,0.08783783783783784,0.07432432432432433,diabetes_130us,repair,0.05,20260806,census_informed
gender,Female,13667,0.27226137091607944,0.11546059852198727,0.1142167264213068,diabetes_130us,repair,0.05,20260806,census_informed
gender,Male,11775,0.2378716744913928,0.10709129511677283,0.10853503184713376,diabetes_130us,repair,0.05,20260806,census_informed
race,Caucasian,19029,0.25824431026474687,0.11256503231909191,0.11314309737768669,diabetes_130us,clean,0.05,20260807,census_informed
race,AfricanAmerican,4820,0.27902621722846443,0.11597510373443984,0.11078838174273858,diabetes_130us,clean,0.05,20260807,census_informed
race,Other,350,0.3076923076923077,0.09428571428571429,0.07428571428571429,diabetes_130us,clean,0.05,20260807,census_informed
race,?,577,0.11538461538461539,0.05199306759098787,0.09012131715771231,diabetes_130us,clean,0.05,20260807,census_informed
race,Hispanic,518,0.38095238095238093,0.11969111969111969,0.12162162162162163,diabetes_130us,clean,0.05,20260807,census_informed
race,Asian,148,0.18181818181818182,0.08783783783783784,0.07432432432432433,diabetes_130us,clean,0.05,20260807,census_informed
gender,Female,13667,0.25816784112748237,0.1055096217165435,0.1142167264213068,diabetes_130us,clean,0.05,20260807,census_informed
gender,Male,11775,0.2676056338028169,0.11864118895966029,0.10853503184713376,diabetes_130us,clean,0.05,20260807,census_informed
race,Caucasian,19029,0.25545750116117044,0.11209206999842346,0.11314309737768669,diabetes_130us,corrupted,0.05,20260807,census_informed
race,AfricanAmerican,4820,0.2640449438202247,0.11514522821576763,0.11078838174273858,diabetes_130us,corrupted,0.05,20260807,census_informed
race,Other,350,0.3076923076923077,0.08857142857142856,0.07428571428571429,diabetes_130us,corrupted,0.05,20260807,census_informed
race,?,577,0.17307692307692307,0.05199306759098787,0.09012131715771231,diabetes_130us,corrupted,0.05,20260807,census_informed
race,Hispanic,518,0.4126984126984127,0.13513513513513514,0.12162162162162163,diabetes_130us,corrupted,0.05,20260807,census_informed
race,Asian,148,0.2727272727272727,0.13513513513513514,0.07432432432432433,diabetes_130us,corrupted,0.05,20260807,census_informed
gender,Female,13667,0.26137091607943624,0.10843637960049755,0.1142167264213068,diabetes_130us,corrupted,0.05,20260807,census_informed
gender,Male,11775,0.257433489827856,0.11524416135881103,0.10853503184713376,diabetes_130us,corrupted,0.05,20260807,census_informed
race,Caucasian,19029,0.26474686483975846,0.11461453570865521,0.11314309737768669,diabetes_130us,quarantine,0.05,20260807,census_informed
race,AfricanAmerican,4820,0.24906367041198502,0.10726141078838174,0.11078838174273858,diabetes_130us,quarantine,0.05,20260807,census_informed
race,Other,350,0.3076923076923077,0.09142857142857143,0.07428571428571429,diabetes_130us,quarantine,0.05,20260807,census_informed
race,?,577,0.11538461538461539,0.05199306759098787,0.09012131715771231,diabetes_130us,quarantine,0.05,20260807,census_informed
race,Hispanic,518,0.38095238095238093,0.12548262548262548,0.12162162162162163,diabetes_130us,quarantine,0.05,20260807,census_informed
race,Asian,148,0.18181818181818182,0.0945945945945946,0.07432432432432433,diabetes_130us,quarantine,0.05,20260807,census_informed
gender,Female,13667,0.26329276105060856,0.11011926538377113,0.1142167264213068,diabetes_130us,quarantine,0.05,20260807,census_informed
gender,Male,11775,0.2597809076682316,0.11329087048832272,0.10853503184713376,diabetes_130us,quarantine,0.05,20260807,census_informed
race,Caucasian,19029,0.25081281932187643,0.1106731830364181,0.11314309737768669,diabetes_130us,repair,0.05,20260807,census_informed
race,AfricanAmerican,4820,0.2808988764044944,0.12240663900414937,0.11078838174273858,diabetes_130us,repair,0.05,20260807,census_informed
race,Other,350,0.3076923076923077,0.08,0.07428571428571429,diabetes_130us,repair,0.05,20260807,census_informed
race,?,577,0.11538461538461539,0.060658578856152515,0.09012131715771231,diabetes_130us,repair,0.05,20260807,census_informed
race,Hispanic,518,0.4444444444444444,0.13513513513513514,0.12162162162162163,diabetes_130us,repair,0.05,20260807,census_informed
race,Asian,148,0.18181818181818182,0.06756756756756757,0.07432432432432433,diabetes_130us,repair,0.05,20260807,census_informed
gender,Female,13667,0.273542600896861,0.11560693641618497,0.1142167264213068,diabetes_130us,repair,0.05,20260807,census_informed
gender,Male,11775,0.24021909233176839,0.10692144373673036,0.10853503184713376,diabetes_130us,repair,0.05,20260807,census_informed
race,Caucasian,19029,0.25917324663260566,0.11267013505701824,0.11314309737768669,diabetes_130us,clean,0.1,20260803,census_informed
race,AfricanAmerican,4820,0.27715355805243447,0.11618257261410789,0.11078838174273858,diabetes_130us,clean,0.1,20260803,census_informed
race,Other,350,0.34615384615384615,0.08285714285714285,0.07428571428571429,diabetes_130us,clean,0.1,20260803,census_informed
race,?,577,0.1346153846153846,0.05719237435008666,0.09012131715771231,diabetes_130us,clean,0.1,20260803,census_informed
race,Hispanic,518,0.38095238095238093,0.12162162162162163,0.12162162162162163,diabetes_130us,clean,0.1,20260803,census_informed
race,Asian,148,0.18181818181818182,0.06756756756756757,0.07432432432432433,diabetes_130us,clean,0.1,20260803,census_informed
gender,Female,13667,0.2812299807815503,0.11516792273359186,0.1142167264213068,diabetes_130us,clean,0.1,20260803,census_informed
gender,Male,11775,0.24178403755868544,0.10743099787685775,0.10853503184713376,diabetes_130us,clean,0.1,20260803,census_informed
race,Caucasian,19029,0.25592196934509986,0.11109359398812339,0.11314309737768669,diabetes_130us,corrupted,0.1,20260803,census_informed
race,AfricanAmerican,4820,0.2696629213483146,0.11410788381742738,0.11078838174273858,diabetes_130us,corrupted,0.1,20260803,census_informed
race,Other,350,0.3076923076923077,0.07714285714285714,0.07428571428571429,diabetes_130us,corrupted,0.1,20260803,census_informed
race,?,577,0.25,0.09878682842287695,0.09012131715771231,diabetes_130us,corrupted,0.1,20260803,census_informed
race,Hispanic,518,0.3968253968253968,0.12355212355212356,0.12162162162162163,diabetes_130us,corrupted,0.1,20260803,census_informed
race,Asian,148,0.36363636363636365,0.18243243243243243,0.07432432432432433,diabetes_130us,corrupted,0.1,20260803,census_informed
gender,Female,13667,0.2716207559256887,0.11238750274383552,0.1142167264213068,diabetes_130us,corrupted,0.1,20260803,census_informed
gender,Male,11775,0.2511737089201878,0.11065817409766454,0.10853503184713376,diabetes_130us,corrupted,0.1,20260803,census_informed
race,Caucasian,19029,0.25452856479331165,0.109990015239897,0.11314309737768669,diabetes_130us,quarantine,0.1,20260803,census_informed
race,AfricanAmerican,4820,0.2846441947565543,0.12116182572614108,0.11078838174273858,diabetes_130us,quarantine,0.1,20260803,census_informed
race,Other,350,0.2692307692307692,0.08571428571428572,0.07428571428571429,diabetes_130us,quarantine,0.1,20260803,census_informed
race,?,577,0.15384615384615385,0.060658578856152515,0.09012131715771231,diabetes_130us,quarantine,0.1,20260803,census_informed
race,Hispanic,518,0.4603174603174603,0.1583011583011583,0.12162162162162163,diabetes_130us,quarantine,0.1,20260803,census_informed
race,Asian,148,0.0,0.10135135135135136,0.07432432432432433,diabetes_130us,quarantine,0.1,20260803,census_informed
gender,Female,13667,0.2703395259449071,0.1115094753786493,0.1142167264213068,diabetes_130us,quarantine,0.1,20260803,census_informed
gender,Male,11775,0.2519561815336463,0.11167728237791932,0.10853503184713376,diabetes_130us,quarantine,0.1,20260803,census_informed
race,Caucasian,19029,0.24523920111472364,0.11209206999842346,0.11314309737768669,diabetes_130us,repair,0.1,20260803,census_informed
race,AfricanAmerican,4820,0.26217228464419473,0.11597510373443984,0.11078838174273858,diabetes_130us,repair,0.1,20260803,census_informed
race,Other,350,0.34615384615384615,0.09142857142857143,0.07428571428571429,diabetes_130us,repair,0.1,20260803,census_informed
race,?,577,0.15384615384615385,0.06759098786828423,0.09012131715771231,diabetes_130us,repair,0.1,20260803,census_informed
race,Hispanic,518,0.3968253968253968,0.1274131274131274,0.12162162162162163,diabetes_130us,repair,0.1,20260803,census_informed
race,Asian,148,0.09090909090909091,0.06756756756756757,0.07432432432432433,diabetes_130us,repair,0.1,20260803,census_informed
gender,Female,13667,0.26521460602178093,0.11663130167556889,0.1142167264213068,diabetes_130us,repair,0.1,20260803,census_informed
gender,Male,11775,0.2323943661971831,0.10573248407643313,0.10853503184713376,diabetes_130us,repair,0.1,20260803,census_informed
race,Caucasian,19029,0.25359962842545286,0.11277523779494456,0.11314309737768669,diabetes_130us,clean,0.1,20260804,census_informed
race,AfricanAmerican,4820,0.27715355805243447,0.11535269709543569,0.11078838174273858,diabetes_130us,clean,0.1,20260804,census_informed
race,Other,350,0.3076923076923077,0.09142857142857143,0.07428571428571429,diabetes_130us,clean,0.1,20260804,census_informed
race,?,577,0.1346153846153846,0.043327556325823226,0.09012131715771231,diabetes_130us,clean,0.1,20260804,census_informed
race,Hispanic,518,0.38095238095238093,0.12162162162162163,0.12162162162162163,diabetes_130us,clean,0.1,20260804,census_informed
race,Asian,148,0.0,0.11486486486486487,0.07432432432432433,diabetes_130us,clean,0.1,20260804,census_informed
gender,Female,13667,0.2607303010890455,0.10975342064827687,0.1142167264213068,diabetes_130us,clean,0.1,20260804,census_informed
gender,Male,11775,0.25508607198748046,0.11371549893842887,0.10853503184713376,diabetes_130us,clean,0.1,20260804,census_informed
race,Caucasian,19029,0.2517417556897353,0.11030532345367597,0.11314309737768669,diabetes_130us,corrupted,0.1,20260804,census_informed
race,AfricanAmerican,4820,0.27902621722846443,0.12572614107883817,0.11078838174273858,diabetes_130us,corrupted,0.1,20260804,census_informed
race,Other,350,0.2692307692307692,0.09142857142857143,0.07428571428571429,diabetes_130us,corrupted,0.1,20260804,census_informed
race,?,577,0.09615384615384616,0.04679376083188908,0.09012131715771231,diabetes_130us,corrupted,0.1,20260804,census_informed
race,Hispanic,518,0.36507936507936506,0.12162162162162163,0.12162162162162163,diabetes_130us,corrupted,0.1,20260804,census_informed
race,Asian,148,0.0,0.08108108108108109,0.07432432432432433,diabetes_130us,corrupted,0.1,20260804,census_informed
gender,Female,13667,0.26329276105060856,0.11289968537352747,0.1142167264213068,diabetes_130us,corrupted,0.1,20260804,census_informed
gender,Male,11775,0.24647887323943662,0.11006369426751593,0.10853503184713376,diabetes_130us,corrupted,0.1,20260804,census_informed
race,Caucasian,19029,0.24895494658615885,0.11020022071574964,0.11314309737768669,diabetes_130us,quarantine,0.1,20260804,census_informed
race,AfricanAmerican,4820,0.27153558052434457,0.12261410788381742,0.11078838174273858,diabetes_130us,quarantine,0.1,20260804,census_informed
race,Other,350,0.3076923076923077,0.10857142857142857,0.07428571428571429,diabetes_130us,quarantine,0.1,20260804,census_informed
race,?,577,0.057692307692307696,0.045060658578856154,0.09012131715771231,diabetes_130us,quarantine,0.1,20260804,census_informed
race,Hispanic,518,0.4126984126984127,0.1274131274131274,0.12162162162162163,diabetes_130us,quarantine,0.1,20260804,census_informed
race,Asian,148,0.18181818181818182,0.14189189189189189,0.07432432432432433,diabetes_130us,quarantine,0.1,20260804,census_informed
gender,Female,13667,0.2696989109545163,0.11728982219945855,0.1142167264213068,diabetes_130us,quarantine,0.1,20260804,census_informed
gender,Male,11775,0.23395931142410015,0.10496815286624203,0.10853503184713376,diabetes_130us,quarantine,0.1,20260804,census_informed
race,Caucasian,19029,0.2517417556897353,0.11377371380524463,0.11314309737768669,diabetes_130us,repair,0.1,20260804,census_informed
race,AfricanAmerican,4820,0.2397003745318352,0.11265560165975104,0.11078838174273858,diabetes_130us,repair,0.1,20260804,census_informed
race,Other,350,0.23076923076923078,0.08857142857142856,0.07428571428571429,diabetes_130us,repair,0.1,20260804,census_informed
race,?,577,0.019230769230769232,0.053726169844020795,0.09012131715771231,diabetes_130us,repair,0.1,20260804,census_informed
race,Hispanic,518,0.3492063492063492,0.11776061776061776,0.12162162162162163,diabetes_130us,repair,0.1,20260804,census_informed
race,Asian,148,0.09090909090909091,0.05405405405405406,0.07432432432432433,diabetes_130us,repair,0.1,20260804,census_informed
gender,Female,13667,0.26137091607943624,0.11553376746908613,0.1142167264213068,diabetes_130us,repair,0.1,20260804,census_informed
gender,Male,11775,0.22848200312989045,0.1070063694267516,0.10853503184713376,diabetes_130us,repair,0.1,20260804,census_informed
race,Caucasian,19029,0.25824431026474687,0.11167165904671816,0.11314309737768669,diabetes_130us,clean,0.1,20260805,census_informed
race,AfricanAmerican,4820,0.2883895131086142,0.11825726141078838,0.11078838174273858,diabetes_130us,clean,0.1,20260805,census_informed
race,Other,350,0.34615384615384615,0.08857142857142856,0.07428571428571429,diabetes_130us,clean,0.1,20260805,census_informed
race,?,577,0.1346153846153846,0.04679376083188908,0.09012131715771231,diabetes_130us,clean,0.1,20260805,census_informed
race,Hispanic,518,0.3968253968253968,0.13320463320463322,0.12162162162162163,diabetes_130us,clean,0.1,20260805,census_informed
race,Asian,148,0.2727272727272727,0.11486486486486487,0.07432432432432433,diabetes_130us,clean,0.1,20260805,census_informed
gender,Female,13667,0.2716207559256887,0.11216799590253897,0.1142167264213068,diabetes_130us,clean,0.1,20260805,census_informed
gender,Male,11775,0.25821596244131456,0.11091295116772824,0.10853503184713376,diabetes_130us,clean,0.1,20260805,census_informed
race,Caucasian,19029,0.26242452392011145,0.11146145357086552,0.11314309737768669,diabetes_130us,corrupted,0.1,20260805,census_informed
race,AfricanAmerican,4820,0.2808988764044944,0.11804979253112033,0.11078838174273858,diabetes_130us,corrupted,0.1,20260805,census_informed
race,Other,350,0.3076923076923077,0.08857142857142856,0.07428571428571429,diabetes_130us,corrupted,0.1,20260805,census_informed
race,?,577,0.1346153846153846,0.04852686308492201,0.09012131715771231,diabetes_130us,corrupted,0.1,20260805,census_informed
race,Hispanic,518,0.38095238095238093,0.12934362934362933,0.12162162162162163,diabetes_130us,corrupted,0.1,20260805,census_informed
race,Asian,148,0.2727272727272727,0.1554054054054054,0.07432432432432433,diabetes_130us,corrupted,0.1,20260805,census_informed
gender,Female,13667,0.27610506085842407,0.11077778590766078,0.1142167264213068,diabetes_130us,corrupted,0.1,20260805,census_informed
gender,Male,11775,0.25508607198748046,0.11252653927813164,0.10853503184713376,diabetes_130us,corrupted,0.1,20260805,census_informed
race,Caucasian,19029,0.2573153738968881,0.11487729255347101,0.11314309737768669,diabetes_130us,quarantine,0.1,20260805,census_informed
race,AfricanAmerican,4820,0.23595505617977527,0.10186721991701245,0.11078838174273858,diabetes_130us,quarantine,0.1,20260805,census_informed
race,Other,350,0.34615384615384615,0.10857142857142857,0.07428571428571429,diabetes_130us,quarantine,0.1,20260805,census_informed
race,?,577,0.1346153846153846,0.04852686308492201,0.09012131715771231,diabetes_130us,quarantine,0.1,20260805,census_informed
race,Hispanic,518,0.4603174603174603,0.138996138996139,0.12162162162162163,diabetes_130us,quarantine,0.1,20260805,census_informed
race,Asian,148,0.2727272727272727,0.16216216216216217,0.07432432432432433,diabetes_130us,quarantine,0.1,20260805,census_informed
gender,Female,13667,0.2696989109545163,0.11216799590253897,0.1142167264213068,diabetes_130us,quarantine,0.1,20260805,census_informed
gender,Male,11775,0.24021909233176839,0.11091295116772824,0.10853503184713376,diabetes_130us,quarantine,0.1,20260805,census_informed
race,Caucasian,19029,0.2540640966093823,0.1120395186294603,0.11314309737768669,diabetes_130us,repair,0.1,20260805,census_informed
race,AfricanAmerican,4820,0.26591760299625467,0.11846473029045643,0.11078838174273858,diabetes_130us,repair,0.1,20260805,census_informed
race,Other,350,0.3076923076923077,0.08857142857142856,0.07428571428571429,diabetes_130us,repair,0.1,20260805,census_informed
race,?,577,0.11538461538461539,0.05545927209705372,0.09012131715771231,diabetes_130us,repair,0.1,20260805,census_informed
race,Hispanic,518,0.4126984126984127,0.12548262548262548,0.12162162162162163,diabetes_130us,repair,0.1,20260805,census_informed
race,Asian,148,0.09090909090909091,0.05405405405405406,0.07432432432432433,diabetes_130us,repair,0.1,20260805,census_informed
gender,Female,13667,0.2786675208199872,0.11758249798785396,0.1142167264213068,diabetes_130us,repair,0.1,20260805,census_informed
gender,Male,11775,0.23082942097026604,0.10462845010615711,0.10853503184713376,diabetes_130us,repair,0.1,20260805,census_informed
race,Caucasian,19029,0.25452856479331165,0.111619107677755,0.11314309737768669,diabetes_130us,clean,0.1,20260806,census_informed
race,AfricanAmerican,4820,0.27340823970037453,0.11825726141078838,0.11078838174273858,diabetes_130us,clean,0.1,20260806,census_informed
race,Other,350,0.34615384615384615,0.09142857142857143,0.07428571428571429,diabetes_130us,clean,0.1,20260806,census_informed
race,?,577,0.057692307692307696,0.04679376083188908,0.09012131715771231,diabetes_130us,clean,0.1,20260806,census_informed
race,Hispanic,518,0.38095238095238093,0.1274131274131274,0.12162162162162163,diabetes_130us,clean,0.1,20260806,census_informed
race,Asian,148,0.2727272727272727,0.13513513513513514,0.07432432432432433,diabetes_130us,clean,0.1,20260806,census_informed
gender,Female,13667,0.26137091607943624,0.10865588644179411,0.1142167264213068,diabetes_130us,clean,0.1,20260806,census_informed
gender,Male,11775,0.2543035993740219,0.11498938428874735,0.10853503184713376,diabetes_130us,clean,0.1,20260806,census_informed
race,Caucasian,19029,0.24988388295401764,0.11193441589153398,0.11314309737768669,diabetes_130us,corrupted,0.1,20260806,census_informed
race,AfricanAmerican,4820,0.29213483146067415,0.11535269709543569,0.11078838174273858,diabetes_130us,corrupted,0.1,20260806,census_informed
race,Other,350,0.34615384615384615,0.10285714285714286,0.07428571428571429,diabetes_130us,corrupted,0.1,20260806,census_informed
race,?,577,0.07692307692307693,0.05199306759098787,0.09012131715771231,diabetes_130us,corrupted,0.1,20260806,census_informed
race,Hispanic,518,0.4126984126984127,0.12355212355212356,0.12162162162162163,diabetes_130us,corrupted,0.1,20260806,census_informed
race,Asian,148,0.2727272727272727,0.1554054054054054,0.07432432432432433,diabetes_130us,corrupted,0.1,20260806,census_informed
gender,Female,13667,0.2703395259449071,0.11041194117216653,0.1142167264213068,diabetes_130us,corrupted,0.1,20260806,census_informed
gender,Male,11775,0.24569640062597808,0.1129511677282378,0.10853503184713376,diabetes_130us,corrupted,0.1,20260806,census_informed
race,Caucasian,19029,0.2517417556897353,0.10977980976404435,0.11314309737768669,diabetes_130us,quarantine,0.1,20260806,census_informed
race,AfricanAmerican,4820,0.2752808988764045,0.12053941908713693,0.11078838174273858,diabetes_130us,quarantine,0.1,20260806,census_informed
race,Other,350,0.34615384615384615,0.11714285714285715,0.07428571428571429,diabetes_130us,quarantine,0.1,20260806,census_informed
race,?,577,0.15384615384615385,0.07105719237435008,0.09012131715771231,diabetes_130us,quarantine,0.1,20260806,census_informed
race,Hispanic,518,0.4444444444444444,0.13513513513513514,0.12162162162162163,diabetes_130us,quarantine,0.1,20260806,census_informed
race,Asian,148,0.18181818181818182,0.11486486486486487,0.07432432432432433,diabetes_130us,quarantine,0.1,20260806,census_informed
gender,Female,13667,0.26649583600256244,0.11385088168581255,0.1142167264213068,diabetes_130us,quarantine,0.1,20260806,census_informed
gender,Male,11775,0.25039123630672927,0.10895966029723991,0.10853503184713376,diabetes_130us,quarantine,0.1,20260806,census_informed
race,Caucasian,19029,0.25824431026474687,0.11214462136738662,0.11314309737768669,diabetes_130us,repair,0.1,20260806,census_informed
race,AfricanAmerican,4820,0.26779026217228463,0.11721991701244813,0.11078838174273858,diabetes_130us,repair,0.1,20260806,census_informed
race,Other,350,0.3076923076923077,0.10285714285714286,0.07428571428571429,diabetes_130us,repair,0.1,20260806,census_informed
race,?,577,0.038461538461538464,0.04852686308492201,0.09012131715771231,diabetes_130us,repair,0.1,20260806,census_informed
race,Hispanic,518,0.38095238095238093,0.13320463320463322,0.12162162162162163,diabetes_130us,repair,0.1,20260806,census_informed
race,Asian,148,0.2727272727272727,0.060810810810810814,0.07432432432432433,diabetes_130us,repair,0.1,20260806,census_informed
gender,Female,13667,0.27994875080076875,0.11714348430526085,0.1142167264213068,diabetes_130us,repair,0.1,20260806,census_informed
gender,Male,11775,0.23395931142410015,0.10530785562632697,0.10853503184713376,diabetes_130us,repair,0.1,20260806,census_informed
race,Caucasian,19029,0.25824431026474687,0.11256503231909191,0.11314309737768669,diabetes_130us,clean,0.1,20260807,census_informed
race,AfricanAmerican,4820,0.27902621722846443,0.11597510373443984,0.11078838174273858,diabetes_130us,clean,0.1,20260807,census_informed
race,Other,350,0.3076923076923077,0.09428571428571429,0.07428571428571429,diabetes_130us,clean,0.1,20260807,census_informed
race,?,577,0.11538461538461539,0.05199306759098787,0.09012131715771231,diabetes_130us,clean,0.1,20260807,census_informed
race,Hispanic,518,0.38095238095238093,0.11969111969111969,0.12162162162162163,diabetes_130us,clean,0.1,20260807,census_informed
race,Asian,148,0.18181818181818182,0.08783783783783784,0.07432432432432433,diabetes_130us,clean,0.1,20260807,census_informed
gender,Female,13667,0.25816784112748237,0.1055096217165435,0.1142167264213068,diabetes_130us,clean,0.1,20260807,census_informed
gender,Male,11775,0.2676056338028169,0.11864118895966029,0.10853503184713376,diabetes_130us,clean,0.1,20260807,census_informed
race,Caucasian,19029,0.26010218300046445,0.11256503231909191,0.11314309737768669,diabetes_130us,corrupted,0.1,20260807,census_informed
race,AfricanAmerican,4820,0.26779026217228463,0.11514522821576763,0.11078838174273858,diabetes_130us,corrupted,0.1,20260807,census_informed
race,Other,350,0.23076923076923078,0.08285714285714285,0.07428571428571429,diabetes_130us,corrupted,0.1,20260807,census_informed
race,?,577,0.057692307692307696,0.04679376083188908,0.09012131715771231,diabetes_130us,corrupted,0.1,20260807,census_informed
race,Hispanic,518,0.4444444444444444,0.13320463320463322,0.12162162162162163,diabetes_130us,corrupted,0.1,20260807,census_informed
race,Asian,148,0.09090909090909091,0.11486486486486487,0.07432432432432433,diabetes_130us,corrupted,0.1,20260807,census_informed
gender,Female,13667,0.2607303010890455,0.10785102802370673,0.1142167264213068,diabetes_130us,corrupted,0.1,20260807,census_informed
gender,Male,11775,0.26134585289514867,0.1159235668789809,0.10853503184713376,diabetes_130us,corrupted,0.1,20260807,census_informed
race,Caucasian,19029,0.25917324663260566,0.11492984392243417,0.11314309737768669,diabetes_130us,quarantine,0.1,20260807,census_informed
race,AfricanAmerican,4820,0.2397003745318352,0.10477178423236515,0.11078838174273858,diabetes_130us,quarantine,0.1,20260807,census_informed
race,Other,350,0.3076923076923077,0.09428571428571429,0.07428571428571429,diabetes_130us,quarantine,0.1,20260807,census_informed
race,?,577,0.07692307692307693,0.053726169844020795,0.09012131715771231,diabetes_130us,quarantine,0.1,20260807,census_informed
race,Hispanic,518,0.42857142857142855,0.13513513513513514,0.12162162162162163,diabetes_130us,quarantine,0.1,20260807,census_informed
race,Asian,148,0.0,0.08783783783783784,0.07432432432432433,diabetes_130us,quarantine,0.1,20260807,census_informed
gender,Female,13667,0.2588084561178732,0.10829004170629984,0.1142167264213068,diabetes_130us,quarantine,0.1,20260807,census_informed
gender,Male,11775,0.2511737089201878,0.1154140127388535,0.10853503184713376,diabetes_130us,quarantine,0.1,20260807,census_informed
race,Caucasian,19029,0.25034835113794707,0.11035787482263913,0.11314309737768669,diabetes_130us,repair,0.1,20260807,census_informed
race,AfricanAmerican,4820,0.2808988764044944,0.12510373443983402,0.11078838174273858,diabetes_130us,repair,0.1,20260807,census_informed
race,Other,350,0.23076923076923078,0.09428571428571429,0.07428571428571429,diabetes_130us,repair,0.1,20260807,census_informed
race,?,577,0.11538461538461539,0.043327556325823226,0.09012131715771231,diabetes_130us,repair,0.1,20260807,census_informed
race,Hispanic,518,0.4126984126984127,0.13127413127413126,0.12162162162162163,diabetes_130us,repair,0.1,20260807,census_informed
race,Asian,148,0.18181818181818182,0.06756756756756757,0.07432432432432433,diabetes_130us,repair,0.1,20260807,census_informed
gender,Female,13667,0.2716207559256887,0.11611911904587693,0.1142167264213068,diabetes_130us,repair,0.1,20260807,census_informed
gender,Male,11775,0.23865414710485133,0.10632696390658174,0.10853503184713376,diabetes_130us,repair,0.1,20260807,census_informed
race,Caucasian,19029,0.25917324663260566,0.11267013505701824,0.11314309737768669,diabetes_130us,clean,0.2,20260803,census_informed
race,AfricanAmerican,4820,0.27715355805243447,0.11618257261410789,0.11078838174273858,diabetes_130us,clean,0.2,20260803,census_informed
race,Other,350,0.34615384615384615,0.08285714285714285,0.07428571428571429,diabetes_130us,clean,0.2,20260803,census_informed
race,?,577,0.1346153846153846,0.05719237435008666,0.09012131715771231,diabetes_130us,clean,0.2,20260803,census_informed
race,Hispanic,518,0.38095238095238093,0.12162162162162163,0.12162162162162163,diabetes_130us,clean,0.2,20260803,census_informed
race,Asian,148,0.18181818181818182,0.06756756756756757,0.07432432432432433,diabetes_130us,clean,0.2,20260803,census_informed
gender,Female,13667,0.2812299807815503,0.11516792273359186,0.1142167264213068,diabetes_130us,clean,0.2,20260803,census_informed
gender,Male,11775,0.24178403755868544,0.10743099787685775,0.10853503184713376,diabetes_130us,clean,0.2,20260803,census_informed
race,Caucasian,19029,0.2549930329772411,0.1120395186294603,0.11314309737768669,diabetes_130us,corrupted,0.2,20260803,census_informed
race,AfricanAmerican,4820,0.27715355805243447,0.11950207468879669,0.11078838174273858,diabetes_130us,corrupted,0.2,20260803,census_informed
race,Other,350,0.3076923076923077,0.09142857142857143,0.07428571428571429,diabetes_130us,corrupted,0.2,20260803,census_informed
race,?,577,0.11538461538461539,0.043327556325823226,0.09012131715771231,diabetes_130us,corrupted,0.2,20260803,census_informed
race,Hispanic,518,0.36507936507936506,0.12934362934362933,0.12162162162162163,diabetes_130us,corrupted,0.2,20260803,census_informed
race,Asian,148,0.0,0.0472972972972973,0.07432432432432433,diabetes_130us,corrupted,0.2,20260803,census_informed
gender,Female,13667,0.27418321588725175,0.11619228799297578,0.1142167264213068,diabetes_130us,corrupted,0.2,20260803,census_informed
gender,Male,11775,0.23943661971830985,0.1062420382165605,0.10853503184713376,diabetes_130us,corrupted,0.2,20260803,census_informed
race,Caucasian,19029,0.2345564328843474,0.11188186452257082,0.11314309737768669,diabetes_130us,quarantine,0.2,20260803,census_informed
race,AfricanAmerican,4820,0.2565543071161049,0.11701244813278008,0.11078838174273858,diabetes_130us,quarantine,0.2,20260803,census_informed
race,Other,350,0.2692307692307692,0.11714285714285715,0.07428571428571429,diabetes_130us,quarantine,0.2,20260803,census_informed
race,?,577,0.07692307692307693,0.045060658578856154,0.09012131715771231,diabetes_130us,quarantine,0.2,20260803,census_informed
race,Hispanic,518,0.38095238095238093,0.13513513513513514,0.12162162162162163,diabetes_130us,quarantine,0.2,20260803,census_informed
race,Asian,148,0.09090909090909091,0.060810810810810814,0.07432432432432433,diabetes_130us,quarantine,0.2,20260803,census_informed
gender,Female,13667,0.2607303010890455,0.12065559376600571,0.1142167264213068,diabetes_130us,quarantine,0.2,20260803,census_informed
gender,Male,11775,0.21205007824726135,0.1010615711252654,0.10853503184713376,diabetes_130us,quarantine,0.2,20260803,census_informed
race,Caucasian,19029,0.24663260566651185,0.1106731830364181,0.11314309737768669,diabetes_130us,repair,0.2,20260803,census_informed
race,AfricanAmerican,4820,0.25842696629213485,0.12448132780082988,0.11078838174273858,diabetes_130us,repair,0.2,20260803,census_informed
race,Other,350,0.34615384615384615,0.08571428571428572,0.07428571428571429,diabetes_130us,repair,0.2,20260803,census_informed
race,?,577,0.15384615384615385,0.058925476603119586,0.09012131715771231,diabetes_130us,repair,0.2,20260803,census_informed
race,Hispanic,518,0.4444444444444444,0.11969111969111969,0.12162162162162163,diabetes_130us,repair,0.2,20260803,census_informed
race,Asian,148,0.0,0.0472972972972973,0.07432432432432433,diabetes_130us,repair,0.2,20260803,census_informed
gender,Female,13667,0.25944907110826393,0.1140703885271091,0.1142167264213068,diabetes_130us,repair,0.2,20260803,census_informed
gender,Male,11775,0.24178403755868544,0.10870488322717622,0.10853503184713376,diabetes_130us,repair,0.2,20260803,census_informed
race,Caucasian,19029,0.25359962842545286,0.11277523779494456,0.11314309737768669,diabetes_130us,clean,0.2,20260804,census_informed
race,AfricanAmerican,4820,0.27715355805243447,0.11535269709543569,0.11078838174273858,diabetes_130us,clean,0.2,20260804,census_informed
race,Other,350,0.3076923076923077,0.09142857142857143,0.07428571428571429,diabetes_130us,clean,0.2,20260804,census_informed
race,?,577,0.1346153846153846,0.043327556325823226,0.09012131715771231,diabetes_130us,clean,0.2,20260804,census_informed
race,Hispanic,518,0.38095238095238093,0.12162162162162163,0.12162162162162163,diabetes_130us,clean,0.2,20260804,census_informed
race,Asian,148,0.0,0.11486486486486487,0.07432432432432433,diabetes_130us,clean,0.2,20260804,census_informed
gender,Female,13667,0.2607303010890455,0.10975342064827687,0.1142167264213068,diabetes_130us,clean,0.2,20260804,census_informed
gender,Male,11775,0.25508607198748046,0.11371549893842887,0.10853503184713376,diabetes_130us,clean,0.2,20260804,census_informed
race,Caucasian,19029,0.25081281932187643,0.11182931315360765,0.11314309737768669,diabetes_130us,corrupted,0.2,20260804,census_informed
race,AfricanAmerican,4820,0.25842696629213485,0.11556016597510374,0.11078838174273858,diabetes_130us,corrupted,0.2,20260804,census_informed
race,Other,350,0.34615384615384615,0.1,0.07428571428571429,diabetes_130us,corrupted,0.2,20260804,census_informed
race,?,577,0.09615384615384616,0.06412478336221837,0.09012131715771231,diabetes_130us,corrupted,0.2,20260804,census_informed
race,Hispanic,518,0.4126984126984127,0.1274131274131274,0.12162162162162163,diabetes_130us,corrupted,0.2,20260804,census_informed
race,Asian,148,0.09090909090909091,0.10810810810810811,0.07432432432432433,diabetes_130us,corrupted,0.2,20260804,census_informed
gender,Female,13667,0.267777065983344,0.11377771273871369,0.1142167264213068,diabetes_130us,corrupted,0.2,20260804,census_informed
gender,Male,11775,0.23552425665101723,0.10904458598726115,0.10853503184713376,diabetes_130us,corrupted,0.2,20260804,census_informed
race,Caucasian,19029,0.24849047840222946,0.11466708707761837,0.11314309737768669,diabetes_130us,quarantine,0.2,20260804,census_informed
race,AfricanAmerican,4820,0.22846441947565543,0.11078838174273858,0.11078838174273858,diabetes_130us,quarantine,0.2,20260804,census_informed
race,Other,350,0.23076923076923078,0.07428571428571429,0.07428571428571429,diabetes_130us,quarantine,0.2,20260804,census_informed
race,?,577,0.11538461538461539,0.05545927209705372,0.09012131715771231,diabetes_130us,quarantine,0.2,20260804,census_informed
race,Hispanic,518,0.36507936507936506,0.11583011583011583,0.12162162162162163,diabetes_130us,quarantine,0.2,20260804,census_informed
race,Asian,148,0.0,0.033783783783783786,0.07432432432432433,diabetes_130us,quarantine,0.2,20260804,census_informed
gender,Female,13667,0.25816784112748237,0.1142167264213068,0.1142167264213068,diabetes_130us,quarantine,0.2,20260804,census_informed
gender,Male,11775,0.22613458528951486,0.10853503184713376,0.10853503184713376,diabetes_130us,quarantine,0.2,20260804,census_informed
race,Caucasian,19029,0.24013005109150024,0.11020022071574964,0.11314309737768669,diabetes_130us,repair,0.2,20260804,census_informed
race,AfricanAmerican,4820,0.2696629213483146,0.12074688796680498,0.11078838174273858,diabetes_130us,repair,0.2,20260804,census_informed
race,Other,350,0.38461538461538464,0.10285714285714286,0.07428571428571429,diabetes_130us,repair,0.2,20260804,census_informed
race,?,577,0.1346153846153846,0.06239168110918544,0.09012131715771231,diabetes_130us,repair,0.2,20260804,census_informed
race,Hispanic,518,0.42857142857142855,0.14864864864864866,0.12162162162162163,diabetes_130us,repair,0.2,20260804,census_informed
race,Asian,148,0.18181818181818182,0.08783783783783784,0.07432432432432433,diabetes_130us,repair,0.2,20260804,census_informed
gender,Female,13667,0.26137091607943624,0.11487524694519646,0.1142167264213068,diabetes_130us,repair,0.2,20260804,census_informed
gender,Male,11775,0.23395931142410015,0.10794055201698514,0.10853503184713376,diabetes_130us,repair,0.2,20260804,census_informed
race,Caucasian,19029,0.25824431026474687,0.11167165904671816,0.11314309737768669,diabetes_130us,clean,0.2,20260805,census_informed
race,AfricanAmerican,4820,0.2883895131086142,0.11825726141078838,0.11078838174273858,diabetes_130us,clean,0.2,20260805,census_informed
race,Other,350,0.34615384615384615,0.08857142857142856,0.07428571428571429,diabetes_130us,clean,0.2,20260805,census_informed
race,?,577,0.1346153846153846,0.04679376083188908,0.09012131715771231,diabetes_130us,clean,0.2,20260805,census_informed
race,Hispanic,518,0.3968253968253968,0.13320463320463322,0.12162162162162163,diabetes_130us,clean,0.2,20260805,census_informed
race,Asian,148,0.2727272727272727,0.11486486486486487,0.07432432432432433,diabetes_130us,clean,0.2,20260805,census_informed
gender,Female,13667,0.2716207559256887,0.11216799590253897,0.1142167264213068,diabetes_130us,clean,0.2,20260805,census_informed
gender,Male,11775,0.25821596244131456,0.11091295116772824,0.10853503184713376,diabetes_130us,clean,0.2,20260805,census_informed
race,Caucasian,19029,0.25545750116117044,0.11046297756056546,0.11314309737768669,diabetes_130us,corrupted,0.2,20260805,census_informed
race,AfricanAmerican,4820,0.27715355805243447,0.11991701244813278,0.11078838174273858,diabetes_130us,corrupted,0.2,20260805,census_informed
race,Other,350,0.34615384615384615,0.10857142857142857,0.07428571428571429,diabetes_130us,corrupted,0.2,20260805,census_informed
race,?,577,0.11538461538461539,0.05719237435008666,0.09012131715771231,diabetes_130us,corrupted,0.2,20260805,census_informed
race,Hispanic,518,0.38095238095238093,0.12548262548262548,0.12162162162162163,diabetes_130us,corrupted,0.2,20260805,census_informed
race,Asian,148,0.2727272727272727,0.1554054054054054,0.07432432432432433,diabetes_130us,corrupted,0.2,20260805,census_informed
gender,Female,13667,0.2729019859064702,0.11077778590766078,0.1142167264213068,diabetes_130us,corrupted,0.2,20260805,census_informed
gender,Male,11775,0.24569640062597808,0.11252653927813164,0.10853503184713376,diabetes_130us,corrupted,0.2,20260805,census_informed
race,Caucasian,19029,0.2289828146771946,0.10541804614010195,0.11314309737768669,diabetes_130us,quarantine,0.2,20260805,census_informed
race,AfricanAmerican,4820,0.29213483146067415,0.14315352697095435,0.11078838174273858,diabetes_130us,quarantine,0.2,20260805,census_informed
race,Other,350,0.23076923076923078,0.09714285714285714,0.07428571428571429,diabetes_130us,quarantine,0.2,20260805,census_informed
race,?,577,0.11538461538461539,0.05719237435008666,0.09012131715771231,diabetes_130us,quarantine,0.2,20260805,census_informed
race,Hispanic,518,0.31746031746031744,0.12934362934362933,0.12162162162162163,diabetes_130us,quarantine,0.2,20260805,census_informed
race,Asian,148,0.09090909090909091,0.060810810810810814,0.07432432432432433,diabetes_130us,quarantine,0.2,20260805,census_informed
gender,Female,13667,0.2549647661755285,0.11114363064315505,0.1142167264213068,diabetes_130us,quarantine,0.2,20260805,census_informed
gender,Male,11775,0.2222222222222222,0.11210191082802548,0.10853503184713376,diabetes_130us,quarantine,0.2,20260805,census_informed
race,Caucasian,19029,0.25081281932187643,0.11209206999842346,0.11314309737768669,diabetes_130us,repair,0.2,20260805,census_informed
race,AfricanAmerican,4820,0.2696629213483146,0.11929460580912864,0.11078838174273858,diabetes_130us,repair,0.2,20260805,census_informed
race,Other,350,0.2692307692307692,0.08571428571428572,0.07428571428571429,diabetes_130us,repair,0.2,20260805,census_informed
race,?,577,0.09615384615384616,0.04679376083188908,0.09012131715771231,diabetes_130us,repair,0.2,20260805,census_informed
race,Hispanic,518,0.3968253968253968,0.12355212355212356,0.12162162162162163,diabetes_130us,repair,0.2,20260805,census_informed
race,Asian,148,0.18181818181818182,0.06756756756756757,0.07432432432432433,diabetes_130us,repair,0.2,20260805,census_informed
gender,Female,13667,0.2729019859064702,0.1167776395697666,0.1142167264213068,diabetes_130us,repair,0.2,20260805,census_informed
gender,Male,11775,0.2323943661971831,0.10556263269639066,0.10853503184713376,diabetes_130us,repair,0.2,20260805,census_informed
race,Caucasian,19029,0.25452856479331165,0.111619107677755,0.11314309737768669,diabetes_130us,clean,0.2,20260806,census_informed
race,AfricanAmerican,4820,0.27340823970037453,0.11825726141078838,0.11078838174273858,diabetes_130us,clean,0.2,20260806,census_informed
race,Other,350,0.34615384615384615,0.09142857142857143,0.07428571428571429,diabetes_130us,clean,0.2,20260806,census_informed
race,?,577,0.057692307692307696,0.04679376083188908,0.09012131715771231,diabetes_130us,clean,0.2,20260806,census_informed
race,Hispanic,518,0.38095238095238093,0.1274131274131274,0.12162162162162163,diabetes_130us,clean,0.2,20260806,census_informed
race,Asian,148,0.2727272727272727,0.13513513513513514,0.07432432432432433,diabetes_130us,clean,0.2,20260806,census_informed
gender,Female,13667,0.26137091607943624,0.10865588644179411,0.1142167264213068,diabetes_130us,clean,0.2,20260806,census_informed
gender,Male,11775,0.2543035993740219,0.11498938428874735,0.10853503184713376,diabetes_130us,clean,0.2,20260806,census_informed
race,Caucasian,19029,0.25220622387366465,0.1113563508329392,0.11314309737768669,diabetes_130us,corrupted,0.2,20260806,census_informed
race,AfricanAmerican,4820,0.27340823970037453,0.11639004149377594,0.11078838174273858,diabetes_130us,corrupted,0.2,20260806,census_informed
race,Other,350,0.3076923076923077,0.09142857142857143,0.07428571428571429,diabetes_130us,corrupted,0.2,20260806,census_informed
race,?,577,0.21153846153846154,0.0831889081455806,0.09012131715771231,diabetes_130us,corrupted,0.2,20260806,census_informed
race,Hispanic,518,0.4444444444444444,0.138996138996139,0.12162162162162163,diabetes_130us,corrupted,0.2,20260806,census_informed
race,Asian,148,0.36363636363636365,0.19594594594594594,0.07432432432432433,diabetes_130us,corrupted,0.2,20260806,census_informed
gender,Female,13667,0.2754644458680333,0.11663130167556889,0.1142167264213068,diabetes_130us,corrupted,0.2,20260806,census_informed
gender,Male,11775,0.24256651017214398,0.10760084925690021,0.10853503184713376,diabetes_130us,corrupted,0.2,20260806,census_informed
race,Caucasian,19029,0.24616813748258246,0.10977980976404435,0.11314309737768669,diabetes_130us,quarantine,0.2,20260806,census_informed
race,AfricanAmerican,4820,0.25842696629213485,0.12572614107883817,0.11078838174273858,diabetes_130us,quarantine,0.2,20260806,census_informed
race,Other,350,0.15384615384615385,0.037142857142857144,0.07428571428571429,diabetes_130us,quarantine,0.2,20260806,census_informed
race,?,577,0.1346153846153846,0.06759098786828423,0.09012131715771231,diabetes_130us,quarantine,0.2,20260806,census_informed
race,Hispanic,518,0.4444444444444444,0.12934362934362933,0.12162162162162163,diabetes_130us,quarantine,0.2,20260806,census_informed
race,Asian,148,0.2727272727272727,0.16891891891891891,0.07432432432432433,diabetes_130us,quarantine,0.2,20260806,census_informed
gender,Female,13667,0.26905829596412556,0.12314333796736665,0.1142167264213068,diabetes_130us,quarantine,0.2,20260806,census_informed
gender,Male,11775,0.2269170579029734,0.09817409766454352,0.10853503184713376,diabetes_130us,quarantine,0.2,20260806,census_informed
race,Caucasian,19029,0.25777984208081745,0.11230227547427611,0.11314309737768669,diabetes_130us,repair,0.2,20260806,census_informed
race,AfricanAmerican,4820,0.2846441947565543,0.11763485477178423,0.11078838174273858,diabetes_130us,repair,0.2,20260806,census_informed
race,Other,350,0.19230769230769232,0.06857142857142857,0.07428571428571429,diabetes_130us,repair,0.2,20260806,census_informed
race,?,577,0.057692307692307696,0.053726169844020795,0.09012131715771231,diabetes_130us,repair,0.2,20260806,census_informed
race,Hispanic,518,0.42857142857142855,0.13513513513513514,0.12162162162162163,diabetes_130us,repair,0.2,20260806,census_informed
race,Asian,148,0.18181818181818182,0.06756756756756757,0.07432432432432433,diabetes_130us,repair,0.2,20260806,census_informed
gender,Female,13667,0.27226137091607944,0.11516792273359186,0.1142167264213068,diabetes_130us,repair,0.2,20260806,census_informed
gender,Male,11775,0.24960876369327073,0.10743099787685775,0.10853503184713376,diabetes_130us,repair,0.2,20260806,census_informed
race,Caucasian,19029,0.25824431026474687,0.11256503231909191,0.11314309737768669,diabetes_130us,clean,0.2,20260807,census_informed
race,AfricanAmerican,4820,0.27902621722846443,0.11597510373443984,0.11078838174273858,diabetes_130us,clean,0.2,20260807,census_informed
race,Other,350,0.3076923076923077,0.09428571428571429,0.07428571428571429,diabetes_130us,clean,0.2,20260807,census_informed
race,?,577,0.11538461538461539,0.05199306759098787,0.09012131715771231,diabetes_130us,clean,0.2,20260807,census_informed
race,Hispanic,518,0.38095238095238093,0.11969111969111969,0.12162162162162163,diabetes_130us,clean,0.2,20260807,census_informed
race,Asian,148,0.18181818181818182,0.08783783783783784,0.07432432432432433,diabetes_130us,clean,0.2,20260807,census_informed
gender,Female,13667,0.25816784112748237,0.1055096217165435,0.1142167264213068,diabetes_130us,clean,0.2,20260807,census_informed
gender,Male,11775,0.2676056338028169,0.11864118895966029,0.10853503184713376,diabetes_130us,clean,0.2,20260807,census_informed
race,Caucasian,19029,0.25034835113794707,0.10951705291922854,0.11314309737768669,diabetes_130us,corrupted,0.2,20260807,census_informed
race,AfricanAmerican,4820,0.28277153558052437,0.12406639004149378,0.11078838174273858,diabetes_130us,corrupted,0.2,20260807,census_informed
race,Other,350,0.3076923076923077,0.09142857142857143,0.07428571428571429,diabetes_130us,corrupted,0.2,20260807,census_informed
race,?,577,0.09615384615384616,0.053726169844020795,0.09012131715771231,diabetes_130us,corrupted,0.2,20260807,census_informed
race,Hispanic,518,0.4126984126984127,0.14478764478764478,0.12162162162162163,diabetes_130us,corrupted,0.2,20260807,census_informed
race,Asian,148,0.18181818181818182,0.14189189189189189,0.07432432432432433,diabetes_130us,corrupted,0.2,20260807,census_informed
gender,Female,13667,0.2767456758488149,0.1167776395697666,0.1142167264213068,diabetes_130us,corrupted,0.2,20260807,census_informed
gender,Male,11775,0.23395931142410015,0.10573248407643313,0.10853503184713376,diabetes_130us,corrupted,0.2,20260807,census_informed
race,Caucasian,19029,0.24059451927542963,0.11414157338798676,0.11314309737768669,diabetes_130us,quarantine,0.2,20260807,census_informed
race,AfricanAmerican,4820,0.2397003745318352,0.10954356846473029,0.11078838174273858,diabetes_130us,quarantine,0.2,20260807,census_informed
race,Other,350,0.15384615384615385,0.08,0.07428571428571429,diabetes_130us,quarantine,0.2,20260807,census_informed
race,?,577,0.1346153846153846,0.06759098786828423,0.09012131715771231,diabetes_130us,quarantine,0.2,20260807,census_informed
race,Hispanic,518,0.3333333333333333,0.11969111969111969,0.12162162162162163,diabetes_130us,quarantine,0.2,20260807,census_informed
race,Asian,148,0.09090909090909091,0.06756756756756757,0.07432432432432433,diabetes_130us,quarantine,0.2,20260807,census_informed
gender,Female,13667,0.2524023062139654,0.11297285432062633,0.1142167264213068,diabetes_130us,quarantine,0.2,20260807,census_informed
gender,Male,11775,0.22300469483568075,0.1099787685774947,0.10853503184713376,diabetes_130us,quarantine,0.2,20260807,census_informed
race,Caucasian,19029,0.2540640966093823,0.11272268642598139,0.11314309737768669,diabetes_130us,repair,0.2,20260807,census_informed
race,AfricanAmerican,4820,0.2565543071161049,0.11265560165975104,0.11078838174273858,diabetes_130us,repair,0.2,20260807,census_informed
race,Other,350,0.3076923076923077,0.08857142857142856,0.07428571428571429,diabetes_130us,repair,0.2,20260807,census_informed
race,?,577,0.17307692307692307,0.07105719237435008,0.09012131715771231,diabetes_130us,repair,0.2,20260807,census_informed
race,Hispanic,518,0.38095238095238093,0.13127413127413126,0.12162162162162163,diabetes_130us,repair,0.2,20260807,census_informed
race,Asian,148,0.09090909090909091,0.07432432432432433,0.07432432432432433,diabetes_130us,repair,0.2,20260807,census_informed
gender,Female,13667,0.2696989109545163,0.11326553010902173,0.1142167264213068,diabetes_130us,repair,0.2,20260807,census_informed
gender,Male,11775,0.23865414710485133,0.10963906581740977,0.10853503184713376,diabetes_130us,repair,0.2,20260807,census_informed
